CodeEH,InclusEH,EtatEH,NatureEH,MilieuEH,ThemeEH,OrigineEH
372AE01,372AE,2,6,2,3,1
372AC17,372AC,2,6,2,3,1
372AC16,372AC,2,6,2,3,1
372AC13,372AC,2,6,2,3,1
372AC12,372AC,2,6,2,3,1
372AC10,372AC,2,6,2,3,1
372AC09,372AC,2,6,2,3,1
372AC04,372AC,2,6,2,3,1
372AC01,372AC,2,6,2,3,1
372AA20,372AA,2,6,2,3,1
372AA19,372AA,2,6,2,3,1
372AA18,372AA,2,5,2,3,1
372AA17,372AA,2,6,2,3,1
372AA16,372AA,2,6,2,3,1
372AA10,372AA,2,5,2,3,1
372AA09,372AA,2,6,2,3,1
372AA08,372AA,2,6,2,3,1
372AA07,372AA,2,6,2,3,1
372AA06,372AA,2,6,2,3,1
372AA05,372AA,2,6,2,3,1
372AA04,372AA,2,6,2,3,1
372AA03,372AA,2,6,2,3,1
372AA02,372AA,2,5,2,3,1
372AA01,372AA,2,6,2,3,1
370AK03,370AK,2,6,2,3,1
691AG01,691AG,2,7,4,3,1
691AG02,691AG,2,6,4,3,1
203AK01,203AK,2,6,2,3,1
370AJ03,370AJ,2,6,2,3,1
370AH03,370AH,2,6,2,3,1
370AH02,370AH,2,6,2,3,1
370AG08,370AG,2,6,2,3,1
370AG07,370AG,2,6,2,3,1
370AG06,370AG,2,6,2,3,1
370AG05,370AG,2,6,2,3,1
370AG04,370AG,2,6,2,3,1
368AA01,368AA,1,6,4,2,1
332AA03,332AA,3,6,1,2,1
332AA05,332AA,3,6,1,2,1
160AA01,160AA,3,5,4,5,1
156AA02,156AA,3,5,4,5,1
155AA02,155AA,3,5,4,5,1
154AA02,154AA,3,5,4,5,1
203AE03,203AE,2,6,2,3,1
525AB00,525AB,3,7,2,4,2
205AA03,205AA,2,6,2,3,1
205AK01,205AK,2,6,2,3,1
203AI02,203AI,2,6,2,3,1
203AA01,203AA,2,5,2,3,1
525AR00,525AR,3,6,2,4,2
205AI03,205AI,2,6,2,3,1
203AI13,203AI,2,6,2,3,1
207AA03,207AA,2,6,2,3,1
203AG01,203AG,2,6,2,3,1
525AH00,525AH,3,7,2,4,2
525AO00,525AO,3,6,2,4,2
527AE00,527AE,2,5,2,3,2
525AM00,525AM,3,7,2,4,2
205AG01,205AG,2,6,2,3,1
206AA01,206AA,2,6,2,3,1
525AL00,525AL,3,7,2,4,2
205AA01,205AA,2,6,2,3,1
527AF00,527AF,2,5,2,3,2
203AA07,203AA,2,6,2,3,1
207AA01,207AA,2,6,2,3,1
203AE01,203AE,2,6,2,3,1
203AI03,203AI,2,6,2,3,1
527AO00,527AO,1,6,2,3,2
527AL00,527AL,2,5,4,3,2
525AI00,525AI,3,6,2,4,2
527AN00,527AN,2,5,2,3,2
525AC00,525AC,3,7,2,4,2
525AK00,525AK,3,7,2,4,2
527AD00,527AD,2,5,2,3,2
205AA09,205AA,2,6,2,3,1
203AI07,203AI,2,6,2,3,1
203AA09,203AA,2,6,2,3,1
205AE03,205AE,2,6,2,3,1
205AC01,205AC,2,6,2,3,1
205AE07,205AE,2,6,2,3,1
525AG00,525AG,3,6,2,4,2
525AJ00,525AJ,3,6,2,4,2
203AG03,203AG,2,6,2,3,1
203AI01,203AI,2,6,2,3,1
525AQ00,525AQ,3,6,2,4,2
201AG05,201AG,2,5,2,3,1
525AE00,525AE,3,6,2,4,2
527AJ00,527AJ,2,5,2,3,2
203AI05,203AI,2,6,2,3,1
205AA07,205AA,2,6,2,3,1
205AE01,205AE,2,6,2,3,1
203AA05,203AA,2,6,2,3,1
525AP00,525AP,3,6,2,4,2
203AI11,203AI,2,6,2,3,1
203AE05,203AE,2,6,2,3,1
525AF00,525AF,3,7,2,4,2
527AC00,527AC,2,5,2,3,2
205AC05,205AC,2,6,2,3,1
203AG05,203AG,2,6,2,3,1
527AM00,527AM,2,5,2,3,2
203AI15,203AI,2,6,2,3,1
203AA03,203AA,2,5,2,3,1
203AC01,203AC,2,6,2,3,1
527AK00,527AK,3,5,2,3,2
527AG00,527AG,2,5,2,3,2
205AA05,205AA,2,6,2,3,1
205AI05,205AI,2,6,2,3,1
205AC03,205AC,2,6,2,3,1
205AE05,205AE,2,6,2,3,1
151AI01,151AI,3,6,2,2,1
151AE01,151AE,3,6,2,2,1
151AC01,151AC,X,6,2,2,1
151AA01,151AA,X,6,2,2,1
143AB99,143AB,3,6,1,2,1
143AD99,143AD,3,5,1,2,1
141AG05,141AG,3,5,4,2,1
141AC03,141AC,3,6,1,2,1
141AC01,141AC,3,6,1,2,1
141AB99,141AB,X,7,1,2,1
139AZ01,139AZ,3,6,2,2,1
113AL09,113AL,X,6,1,2,1
113AL07,113AL,X,6,1,2,1
113AL05,113AL,X,6,1,2,1
113AL03,113AL,X,6,1,2,1
113AL01,113AL,X,6,1,2,1
585AA01,585AA,1,5,3,2,1
159AA01,159AA,2,5,4,5,1
158AA01,158AA,2,5,4,5,1
156AA01,156AA,2,5,4,5,1
155AA01,155AA,2,5,4,5,1
154AA01,154AA,2,5,4,5,1
153AA01,153AA,2,5,4,5,1
104AA11,104AA,X,6,1,2,1
104AA09,104AA,X,6,1,2,1
104AA07,104AA,X,6,1,2,1
104AA03,104AA,2,6,1,2,1
691AG00,691AG,2,7,4,3,3
104AA01,104AA,2,6,1,2,1
691AF00,691AF,2,7,4,3,3
691AF01,691AF,2,7,4,3,1
691AF02,691AF,2,6,4,3,1
527AB00,527AB,3,7,2,3,3
527AB01,527AB,2,7,2,3,1
533AK00,533AK,3,5,5,2,2
533AJ00,533AJ,1,6,4,2,2
515AM07,515AM,2,5,3,2,1
517AO05,517AO,2,5,3,2,1
515AM05,515AM,2,5,3,2,1
515AR02,515AR,2,5,3,2,1
515AL18,515AL,2,5,3,2,1
515AP00,515AP,2,5,5,2,3
515AL05,515AL,2,5,3,2,1
515AL19,515AL,2,5,3,2,1
515AM02,515AM,2,5,3,2,1
515AO04,515AO,2,5,3,2,1
515AL04,515AL,2,5,3,2,1
515AR05,515AR,2,5,3,2,1
533AF03,533AF,2,5,3,2,1
515AL12,515AL,2,5,3,2,1
515AP07,515AP,2,5,3,2,1
515AP04,515AP,2,5,3,2,1
515AM11,515AM,2,5,3,2,1
533AF06,533AF,2,5,3,2,1
515AM10,515AM,2,5,3,2,1
515AL00,515AL,2,5,3,2,3
533AG00,533AG,2,7,3,2,3
533AH00,533AH,2,5,3,2,2
515AM01,515AM,2,5,3,2,1
515AL17,515AL,2,5,3,2,1
515AM04,515AM,2,5,3,2,1
517AO07,517AO,2,5,3,2,1
533AF01,533AF,2,5,3,2,1
515AM12,515AM,2,5,3,2,1
515AI00,515AI,2,5,3,2,3
515AL06,515AL,2,5,3,2,1
515AR06,515AR,2,5,3,2,1
515AO03,515AO,2,5,3,2,1
515AM08,515AM,2,5,3,2,1
533AF02,533AF,2,5,3,2,1
515AL14,515AL,2,5,3,2,1
515AN00,515AN,1,6,3,2,2
515AR08,515AR,2,5,3,2,1
523AB00,523AB,3,6,3,2,2
533AF07,533AF,2,5,3,2,1
515AL01,515AL,2,5,3,2,1
515AP05,515AP,2,5,3,2,1
515AM09,515AM,2,5,3,2,1
533AG02,533AG,2,5,3,2,1
527AD01,527AD,2,6,3,2,1
515AL11,515AL,2,5,3,2,1
515AR03,515AR,2,5,3,2,1
515AM03,515AM,2,5,3,2,1
515AO01,515AO,2,5,3,2,1
517AO08,517AO,2,5,3,2,1
533AF08,533AF,2,5,3,2,1
515AM06,515AM,2,5,3,2,1
515AL07,515AL,2,5,3,2,1
515AR04,515AR,2,5,3,2,1
515AL16,515AL,2,5,3,2,1
515AL08,515AL,2,5,3,2,1
533AG05,533AG,2,5,3,2,1
515AL15,515AL,2,5,3,2,1
533AG03,533AG,2,5,3,2,1
515AM00,515AM,2,5,3,2,3
515AL09,515AL,2,5,3,2,1
515AO02,515AO,2,5,3,2,1
533AG01,533AG,2,5,3,2,1
515AR00,515AR,2,5,5,2,3
515AR07,515AR,2,5,3,2,1
515AL03,515AL,2,5,3,2,1
515AL13,515AL,2,5,3,2,1
515AP06,515AP,2,5,3,2,1
533AF05,533AF,2,5,3,2,1
533AG04,533AG,2,5,3,2,1
515AL02,515AL,2,5,3,2,1
515AO00,515AO,2,5,3,2,3
515AL10,515AL,2,5,3,2,1
516AP01,516AP,2,5,3,2,1
516AM00,516AM,2,6,3,4,2
517AK13,517AK,2,5,3,2,1
517AO13,517AO,2,5,3,2,1
517AM00,517AM,2,6,3,2,3
517AO03,517AO,2,5,3,2,1
517AK05,517AK,2,5,3,2,1
517AO10,517AO,2,5,3,2,1
517AK26,517AK,2,5,3,2,1
517AK01,517AK,2,5,3,2,1
517AK10,517AK,2,5,3,2,1
517AK03,517AK,2,5,3,2,1
517AK24,517AK,2,5,3,2,1
517AN04,517AN,2,5,3,2,1
531AF00,531AF,2,7,3,2,3
517AO00,517AO,2,7,3,4,3
517AK04,517AK,2,5,3,2,1
517AN05,517AN,2,5,3,2,1
505AK00,505AK,1,5,3,2,2
517AP12,517AP,2,5,3,2,1
517AO01,517AO,2,5,3,2,1
517AN03,517AN,2,5,3,2,1
517AP10,517AP,2,5,3,2,1
517AK12,517AK,2,5,3,2,1
517AO14,517AO,2,5,3,2,1
517AK25,517AK,2,5,3,2,1
517AO06,517AO,2,5,3,2,1
517AO02,517AO,2,5,3,2,1
517AK20,517AK,2,5,3,2,1
517AK23,517AK,2,5,3,2,1
517AN02,517AN,2,5,3,2,1
517AK18,517AK,2,5,3,2,1
517AP11,517AP,2,5,3,2,1
517AP09,517AP,2,5,3,2,1
517AL11,517AL,2,5,3,2,1
517AK21,517AK,2,5,3,2,1
517AN01,517AN,2,5,3,2,1
517AP08,517AP,2,5,3,2,1
516AO00,516AO,2,6,3,4,2
517AL03,517AL,2,5,3,2,1
517AK02,517AK,2,5,3,2,1
517AN00,517AN,2,7,3,2,3
517AO15,517AO,2,5,3,2,1
517AO09,517AO,2,5,3,2,1
517AK11,517AK,2,5,3,2,1
516AP00,516AP,2,7,3,4,3
517AK09,517AK,2,5,3,2,1
516AQ00,516AQ,2,6,3,4,2
517AP06,517AP,2,5,3,2,1
517AP00,517AP,2,7,3,4,3
517AK08,517AK,2,5,3,2,1
517AP02,517AP,2,5,3,2,1
517AK14,517AK,2,5,3,2,1
517AK19,517AK,2,5,3,2,1
531AF01,531AF,2,5,3,2,1
517AP05,517AP,2,5,3,2,1
516AN00,516AN,2,6,3,4,2
517AK28,517AK,2,5,3,2,1
517AK06,517AK,2,5,3,2,1
517AK07,517AK,2,5,3,2,1
517AM01,517AM,2,5,3,2,1
517AL06,517AL,2,5,3,2,1
531AE01,531AE,2,5,3,2,1
517AK29,517AK,2,5,3,2,1
517AK22,517AK,2,5,3,2,1
517AL05,517AL,2,5,3,2,1
531AE02,531AE,2,5,3,2,1
517AL02,517AL,2,5,3,2,1
517AP01,517AP,2,5,3,2,1
517AK17,517AK,2,5,3,2,1
517AL01,517AL,2,5,3,2,1
517AL00,517AL,2,7,3,4,3
517AO12,517AO,2,5,3,2,1
517AP04,517AP,2,5,3,2,1
517AL09,517AL,2,5,3,2,1
517AL07,517AL,2,5,3,2,1
517AL08,517AL,2,5,3,2,1
517AL10,517AL,2,5,3,2,1
517AL13,517AL,2,5,3,2,1
517AK15,517AK,2,5,3,2,1
533AE00,533AE,2,5,3,2,2
517AP03,517AP,2,5,3,2,1
517AO04,517AO,2,5,3,2,1
517AK27,517AK,2,5,3,2,1
517AO11,517AO,2,5,3,2,1
531AE00,531AE,2,7,3,2,3
517AK00,517AK,2,7,3,4,3
517AK16,517AK,2,5,3,2,1
517AL04,517AL,2,5,3,2,1
517AL12,517AL,2,5,3,2,1
517AI11,517AI,2,5,3,2,1
515AD01,515AD,2,5,3,2,1
523AA00,523AA,2,7,2,2,3
533AC00,533AC,3,6,4,2,2
517AF00,517AF,2,7,3,2,3
517AI03,517AI,2,5,3,2,1
517AF01,517AF,2,5,3,2,1
517AI07,517AI,2,5,3,2,1
517AE00,517AE,3,6,2,2,2
517AI00,517AI,2,7,3,2,3
531AC00,531AC,3,6,5,2,2
517AI01,517AI,2,5,3,2,1
517AH00,517AH,3,6,2,2,2
517AI09,517AI,2,5,3,2,1
515AD00,515AD,2,6,5,2,3
531AD00,531AD,2,6,3,2,2
517AG00,517AG,3,6,2,2,2
523AA01,523AA,2,5,5,2,1
548AC01,548AC,2,5,2,2,1
517AI05,517AI,2,5,3,2,1
517AJ00,517AJ,2,6,1,2,2
515AA00,515AA,3,5,5,2,2
531AB01,531AB,2,5,2,2,1
531AB00,531AB,X,7,1,2,3
521AV00,521AV,3,7,1,2,2
507AE00,507AE,1,5,1,2,2
521AU00,521AU,3,5,1,2,2
521AT00,521AT,1,5,1,2,2
516AL00,516AL,2,6,1,2,2
521AS00,521AS,2,6,1,2,2
507AD02,507AD,1,5,1,2,1
507AD01,507AD,1,7,1,2,1
507AD00,507AD,2,7,1,2,3
561AJ00,561AJ,3,6,2,2,2
621AX01,621AX,3,5,2,2,1
534AQ00,534AQ,2,5,3,2,2
561AA00,561AA,3,5,1,2,2
643AL00,643AL,3,6,4,2,2
505AB00,505AB,3,6,X,2,2
548AC00,548AC,3,6,1,2,3
533AP01,533AP,3,6,4,2,1
517AA05,517AA,2,5,3,2,1
517AA03,517AA,2,5,3,2,1
517AA15,517AA,2,5,3,2,1
533AP02,533AP,3,5,3,4,1
517AA04,517AA,2,5,3,2,1
517AA14,517AA,2,5,3,2,1
517AB01,517AB,2,5,3,2,1
517AA10,517AA,2,5,3,2,1
517AB00,517AB,2,7,3,2,3
517AC00,517AC,2,7,3,2,3
517AA11,517AA,2,5,3,2,1
517AA06,517AA,2,5,3,2,1
643AN00,643AN,3,7,4,2,2
517AA12,517AA,2,5,3,2,1
517AC01,517AC,2,5,3,2,1
525CA00,525CA,2,7,2,3,2
517AA07,517AA,2,5,3,2,1
517AB03,517AB,2,5,3,2,1
525BF00,525BF,2,6,2,4,2
517AA00,517AA,2,7,3,2,3
525BD00,525BD,2,6,2,4,2
577AA00,577AA,2,7,1,2,2
517AA01,517AA,2,5,3,2,1
517AA08,517AA,2,5,3,2,1
517AA02,517AA,2,5,3,2,1
517AA13,517AA,2,5,3,2,1
517AB02,517AB,2,5,3,2,1
565AA00,565AA,2,5,3,2,2
517AA09,517AA,2,5,3,2,1
517AD00,517AD,2,6,2,2,2
533AB00,533AB,3,5,1,5,2
529AA00,529AA,1,7,1,2,2
521AK00,521AK,2,5,1,2,2
507AC00,507AC,2,5,1,2,3
521AJ00,521AJ,2,5,1,2,2
516AG00,516AG,1,6,1,2,2
521AP00,521AP,2,5,1,2,2
516AJ00,516AJ,3,7,1,2,2
521AO00,521AO,2,5,1,2,2
505AA01,505AA,1,5,1,2,1
521AR01,521AR,2,5,1,2,1
521AQ00,521AQ,2,5,1,2,2
516AE00,516AE,1,5,1,2,2
507AC01,507AC,1,5,1,2,1
521AI00,521AI,2,5,1,2,2
505AA02,505AA,1,5,1,2,1
521AM00,521AM,2,5,1,2,2
521AN00,521AN,2,5,1,2,2
516AH00,516AH,1,5,1,2,2
521AR00,521AR,2,5,1,2,3
516AF00,516AF,3,6,1,2,2
516AI00,516AI,1,6,1,2,2
507AB00,507AB,1,6,1,2,2
521AH00,521AH,2,5,1,2,2
516AD01,516AD,3,5,1,2,1
516AC00,516AC,1,7,1,2,2
516AD00,516AD,2,7,1,2,3
521AB00,521AB,3,7,1,2,2
521AF00,521AF,2,6,1,1,2
525AA00,525AA,2,5,1,2,2
516AA00,516AA,3,7,1,2,2
521AA00,521AA,3,7,1,2,2
521AD00,521AD,2,5,1,2,2
521AG00,521AG,3,6,1,2,2
516AB00,516AB,3,7,1,2,2
521AC00,521AC,3,7,1,2,2
507AA00,507AA,3,6,1,2,2
516AK02,516AK,3,5,1,2,1
533AP00,533AP,3,5,4,2,2
516AK01,516AK,3,5,1,2,1
516AK03,516AK,2,5,1,2,1
516AK00,516AK,2,7,1,2,3
565AF02,565AF,2,5,3,2,1
565AF01,565AF,2,5,3,2,1
531AA00,531AA,2,5,1,1,2
714BE01,714BE,2,5,1,1,1
714DA05,714DA,2,5,1,1,1
710IJ01,710IJ,2,5,1,1,1
714BE03,714BE,2,5,1,1,1
712BK00,712BK,2,5,1,1,1
712AA01,712AA,2,5,1,1,1
712AA52,712AA,2,5,1,1,1
712AZ48,712AZ,2,5,1,1,1
714DA03,714DA,2,5,1,1,1
712AA04,712AA,2,5,1,1,1
712AG06,712AG,2,5,1,1,1
712AA53,712AA,2,5,1,1,1
712BK01,712BK,2,5,1,1,1
712AD00,712AD,2,5,1,1,1
714AB01,714AB,2,5,1,1,1
712BD43,712BD,2,5,1,1,1
712GB05,712GB,2,5,1,1,1
712GB01,712GB,2,5,1,1,1
710FD01,710FD,2,5,1,1,1
712AG03,712AG,2,5,1,1,1
712EA03,712EA,2,5,1,1,1
714FA07,714FA,2,5,1,1,1
712EA01,712EA,2,5,1,1,1
712AZ00,712AZ,2,5,1,1,1
712AE02,712AE,2,5,1,1,1
710FA01,710FA,2,5,1,1,1
714DA01,714DA,2,5,1,1,1
714DA07,714DA,2,5,1,1,1
712AG02,712AG,2,5,1,1,1
712AH37,712AH,2,5,1,1,1
712BM02,712BM,2,5,1,1,1
712AB01,712AB,2,5,1,1,1
712AE01,712AE,2,5,1,1,1
712ID01,712ID,2,5,1,1,1
714FA05,714FA,2,5,1,1,1
714AB03,714AB,2,5,1,1,1
712AY48,712AY,2,5,1,1,1
712AG52,712AG,2,5,1,1,1
712AA50,712AA,2,5,1,1,1
712HA01,712HA,2,5,1,1,1
714AF01,714AF,2,5,1,1,1
930AB01,930AB,2,5,1,1,1
712AE11,712AE,2,5,1,1,1
710FK01,710FK,2,5,1,1,1
712AE00,712AE,2,5,1,1,1
712AH04,712AH,2,5,1,1,1
712AA49,712AA,2,5,1,1,1
712AD04,712AD,2,5,1,1,1
712AF01,712AF,2,5,1,1,1
712IA01,712IA,2,5,1,1,1
712AH02,712AH,2,5,1,1,1
712BE00,712BE,2,5,1,1,1
710FG01,710FG,2,5,1,1,1
712BM01,712BM,2,5,1,1,1
932AC01,932AC,2,5,1,1,1
712AD48,712AD,2,5,1,1,1
712AA02,712AA,2,5,1,1,1
712AA82,712AA,2,5,1,1,1
712HC01,712HC,2,5,1,1,1
712AA14,712AA,2,5,1,1,1
710FM01,710FM,2,5,1,1,1
712GB07,712GB,2,5,1,1,1
712GB03,712GB,2,5,1,1,1
712AA03,712AA,2,5,1,1,1
932AR01,932AR,2,5,1,1,1
712AA51,712AA,2,5,1,1,1
935AB01,935AB,2,5,1,1,1
712AE51,712AE,2,5,1,1,1
712HE01,712HE,2,5,1,1,1
712AH57,712AH,2,5,1,1,1
710FI01,710FI,2,5,1,1,1
712HA05,712HA,2,5,1,1,1
712AH01,712AH,2,5,1,1,1
712AD02,712AD,2,5,1,1,1
712BE24,712BE,2,5,1,1,1
714FA03,714FA,2,5,1,1,1
712AZ47,712AZ,2,5,1,1,1
714FA01,714FA,2,5,1,1,1
712DA01,712DA,2,5,1,1,1
710IG01,710IG,2,5,1,1,1
712BK03,712BK,2,5,1,1,1
712BD44,712BD,2,5,1,1,1
712AD05,712AD,2,5,1,1,1
712AG05,712AG,2,5,1,1,1
712HA03,712HA,2,5,1,1,1
712AG04,712AG,2,5,1,1,1
710IM01,710IM,2,5,1,1,1
712AG01,712AG,2,5,1,1,1
208AA01,208AA,2,6,2,3,1
231AM01,231AM,2,6,2,3,1
231AJ01,231AJ,2,5,2,3,1
205AI03,205AI,2,6,2,3,1
205AI01,205AI,2,6,2,3,1
207AA03,207AA,2,6,2,3,1
206AA03,206AA,2,6,2,3,1
207AA05,207AA,2,6,2,3,1
206AA01,206AA,2,6,2,3,1
206AA05,206AA,2,6,2,3,1
231AI03,231AI,2,6,2,3,1
207AA01,207AA,2,6,2,3,1
527AO00,527AO,1,6,2,3,2
207AA09,207AA,2,6,2,3,1
207AA07,207AA,2,6,2,3,1
205AI05,205AI,2,6,2,3,1
151AI01,151AI,3,6,2,2,1
151AG01,151AG,2,6,2,2,1
151AA01,151AA,X,6,2,2,1
143AK09,143AK,3,5,4,2,1
230AC01,230AC,3,5,6,2,1
227AK01,227AK,1,5,4,2,1
143AK05,143AK,3,5,4,2,1
143AJ01,143AJ,3,7,1,2,1
227AI05,227AI,X,7,1,2,1
143AF01,143AF,3,5,5,2,1
143DA00,143DA,3,5,9,2,2
227AI03,227AI,1,5,2,2,1
227AI01,227AI,1,5,2,2,1
143AE99,143AE,1,5,5,2,1
227AG01,227AG,X,7,1,2,1
143AD05,143AD,X,7,2,2,1
143AD03,143AD,3,5,4,2,1
143AD01,143AD,X,7,1,2,1
143AB03,143AB,3,5,1,2,1
143AB99,143AB,3,6,1,2,1
143AB01,143AB,X,7,1,2,1
143AD99,143AD,3,5,1,2,1
141AJ01,141AJ,3,7,2,2,1
141AG05,141AG,3,5,4,2,1
141AE05,141AE,X,7,1,2,1
141AC03,141AC,3,6,1,2,1
141AC01,141AC,3,6,1,2,1
141CA03,141CA,3,5,1,2,1
141AB05,141AB,X,7,1,2,1
141AB99,141AB,X,7,1,2,1
141AB01,141AB,X,7,1,2,1
139AP99,139AP,3,5,4,2,1
227AE01,227AE,1,5,4,2,1
139AO03,139AO,2,5,3,2,1
139AO02,139AO,2,5,3,2,1
139AO01,139AO,2,5,3,2,1
139AN99,139AN,X,7,1,2,1
139AM19,139AM,3,5,5,2,1
139AM05,139AM,3,6,2,2,1
139AM01,139AM,3,5,2,2,1
139AL01,139AL,X,7,1,2,1
139AO05,139AO,2,5,3,2,1
139AZ01,139AZ,3,6,2,2,1
227AC01,227AC,X,7,1,2,1
227AD01,227AD,1,5,4,2,1
137AB99,137AB,X,7,1,2,1
137AB01,137AB,X,7,1,2,1
135AA61,135AA,3,5,5,2,1
135AC09,135AC,2,5,2,2,1
135AA59,135AA,3,5,1,2,1
135AA55,135AA,2,5,5,2,1
135AA57,135AA,3,6,4,2,1
135AA51,135AA,3,5,4,2,1
133AA08,133AA,X,7,1,2,1
133AA13,133AA,3,5,2,2,1
133AA04,133AA,X,7,1,2,1
133AA05,133AA,3,5,1,2,1
133AA01,133AA,X,7,1,2,1
133AA99,133AA,X,7,1,2,1
131AA97,131AA,3,5,2,2,1
131AA94,131AA,3,6,5,2,1
127AG05,127AG,3,6,1,2,1
127AG03,127AG,3,5,2,2,1
127AG01,127AG,1,5,1,2,1
127AC05,127AC,X,7,1,2,1
127AC03,127AC,3,5,1,2,1
127AC01,127AC,X,7,1,2,1
127AC99,127AC,X,6,1,2,1
127AA05,127AA,3,5,1,2,1
127AA03,127AA,X,7,1,2,1
127AA01,127AA,3,5,1,2,1
125AA01,125AA,X,7,1,2,1
123BR01,123BR,2,5,8,2,1
123BY01,123BY,2,7,1,2,1
123BQ01,123BQ,2,5,8,2,1
121AQ30,121AQ,2,5,8,2,1
121AR30,121AR,3,5,9,2,1
121AQ01,121AQ,2,5,5,2,1
121AR01,121AR,2,5,9,2,1
121AY05,121AY,2,6,4,2,1
119AE11,119AE,X,6,1,2,1
119AE01,119AE,X,6,1,2,1
119AE15,119AE,X,6,1,2,1
119AC03,119AC,X,7,1,2,1
119AC01,119AC,3,5,1,2,1
113AH02,113AH,X,6,4,2,1
117AC05,117AC,X,7,1,2,1
117AC03,117AC,X,6,1,2,1
225AE03,225AE,X,7,1,2,1
113AV04,113AV,3,5,1,2,1
113AV06,113AV,3,5,1,2,1
113AH01,113AH,X,6,1,2,1
113AL07,113AL,X,6,1,2,1
113AL03,113AL,X,6,1,2,1
113AQ04,113AQ,3,5,4,2,1
113AK05,113AK,3,6,1,2,1
113AC05,113AC,X,6,2,2,1
113AC03,113AC,2,6,2,2,1
113AA01,113AA,3,5,5,2,1
107AC04,107AC,3,5,1,2,1
225AD01,225AD,2,5,1,2,1
225AC07,225AC,2,5,1,2,1
225AC05,225AC,2,6,1,2,1
104AA11,104AA,X,6,1,2,1
104AA09,104AA,X,6,1,2,1
104AA07,104AA,X,6,1,2,1
502AA00,502AA,3,6,2,2,2
515AV00,515AV,2,7,2,3,2
513AE00,513AE,3,7,1,2,2
515AU00,515AU,3,6,1,2,2
523AE01,523AE,2,5,1,2,1
523AE00,523AE,2,5,5,2,3
515AS05,515AS,2,5,3,2,1
515AH00,515AH,2,5,3,2,2
515AJ00,515AJ,2,5,5,2,3
515AJ01,515AJ,2,5,3,2,1
515AR02,515AR,2,5,3,2,1
515AP00,515AP,2,5,5,2,3
515AP10,515AP,2,5,3,2,1
515AE02,515AE,2,5,3,2,3
515AE00,515AE,2,5,3,2,3
515AP09,515AP,2,5,3,2,1
513AC00,513AC,2,5,3,2,2
515AP04,515AP,2,5,3,2,1
515AG00,515AG,2,5,3,2,2
515AL00,515AL,2,5,3,2,3
515AP08,515AP,2,5,3,2,1
515AF02,515AF,2,5,3,2,1
523AC02,523AC,2,5,3,2,1
515AF00,515AF,2,5,5,2,3
515AI01,515AI,2,5,3,2,1
515AK00,515AK,2,5,3,2,2
515AI00,515AI,2,5,3,2,3
515AT00,515AT,3,7,1,2,2
515AQ00,515AQ,2,5,5,2,3
515AS01,515AS,2,5,3,2,1
515AQ01,515AQ,2,5,3,2,1
513AB00,513AB,2,5,3,2,3
523AB00,523AB,3,6,3,2,2
515AS00,515AS,2,5,5,2,3
513AB01,513AB,2,5,3,2,1
515AR01,515AR,2,5,3,2,1
515AF01,515AF,3,5,3,2,1
515AR03,515AR,2,5,3,2,1
515AR04,515AR,2,5,3,2,1
523AC00,523AC,2,6,5,2,3
523AC01,523AC,2,5,3,2,1
513AB04,513AB,2,5,3,2,1
515AR00,515AR,2,5,5,2,3
515AS02,515AS,2,5,3,2,1
515AF03,515AF,2,5,3,2,1
515AS03,515AS,2,5,3,2,1
515AO00,515AO,2,5,3,2,3
515AI03,515AI,2,5,3,2,1
515AB01,515AB,2,5,3,2,1
515AB02,515AB,2,5,3,2,1
515AB03,515AB,2,5,3,2,1
515AC00,515AC,1,5,3,2,2
505AK00,505AK,1,5,3,2,2
523AA00,523AA,2,7,2,2,3
513AA00,513AA,3,6,1,2,2
515AA00,515AA,3,5,5,2,2
519AB00,519AB,3,6,2,2,2
505AJ00,505AJ,2,6,1,2,3
505AJ01,505AJ,2,5,2,2,1
507AE00,507AE,1,5,1,2,2
505AI00,505AI,1,6,2,2,2
507AD02,507AD,1,5,1,2,1
507AD01,507AD,1,7,1,2,1
507AD00,507AD,2,7,1,2,3
509AA00,509AA,3,5,1,2,2
505AF00,505AF,1,5,1,2,2
505AE00,505AE,1,5,1,2,2
505AG00,505AG,1,5,1,2,2
505AH00,505AH,1,5,1,2,2
505AD00,505AD,1,5,1,2,2
505AC00,505AC,2,5,1,2,2
505AB00,505AB,3,6,X,2,2
505AA01,505AA,1,5,1,2,1
505AA02,505AA,1,5,1,2,1
710CA03,710CA,2,5,1,1,1
710IA01,710IA,2,5,1,1,1
712GB05,712GB,2,5,1,1,1
928AE09,928AE,2,5,1,1,1
710AD01,710AD,2,5,1,1,1
712GB01,712GB,2,5,1,1,1
928AC03,928AC,2,5,1,1,1
710DG01,710DG,2,5,1,1,1
710DA01,710DA,2,5,1,1,1
710CA11,710CA,2,5,1,1,1
710BL00,710BL,2,5,1,1,1
928AE05,928AE,2,5,1,1,1
710ID01,710ID,2,5,1,1,1
710BR02,710BR,2,5,1,1,1
710CA01,710CA,2,5,1,1,1
710BR00,710BR,2,5,1,1,1
710AE03,710AE,2,5,1,1,1
710AR63,710AR,2,5,1,1,1
930AB01,930AB,2,5,1,1,1
710DE03,710DE,2,5,1,1,1
930DA01,930DA,2,5,1,1,1
710AB03,710AB,2,5,1,1,1
710AB05,710AB,2,5,1,1,1
710AE01,710AE,2,5,1,1,1
710BR01,710BR,2,5,1,1,1
928AE07,928AE,2,5,1,1,1
710CD01,710CD,2,5,1,1,1
710BO01,710BO,2,5,1,1,1
710CA05,710CA,2,5,1,1,1
710BL01,710BL,2,5,1,1,1
710DE01,710DE,2,5,1,1,1
932AR01,932AR,2,5,1,1,1
710AB01,710AB,2,5,1,1,1
710CA09,710CA,2,5,1,1,1
710AR00,710AR,2,5,1,1,1
928AA01,928AA,2,5,1,1,1
710BO02,710BO,2,5,1,1,1
710AG01,710AG,2,5,1,1,1
710CA07,710CA,2,5,1,1,1
928AG01,928AG,2,5,1,1,1
710DA03,710DA,2,5,1,1,1
928AE03,928AE,2,5,1,1,1
710IG01,710IG,2,5,1,1,1
928AE01,928AE,2,5,1,1,1
179AE02,179AE,2,5,2,3,1
187AA02,187AA,2,5,2,3,1
187AC01,187AC,2,5,2,3,1
171AC02,171AC,2,5,4,3,1
195AA03,195AA,2,6,2,3,1
195AC01,195AC,2,6,2,3,1
189AE02,189AE,2,5,2,3,1
174AA01,174AA,2,5,2,3,1
199AC01,199AC,2,6,2,3,1
187AA03,187AA,2,5,2,3,1
193AA04,193AA,2,6,2,3,1
173AC01,173AC,2,5,2,3,1
199AE01,199AE,2,6,2,3,1
174AA04,174AA,2,6,2,3,1
193AA03,193AA,2,6,2,3,1
191AC01,191AC,2,5,2,3,1
191AA03,191AA,2,5,2,3,1
191AG01,191AG,2,6,2,3,1
193AC01,193AC,2,6,2,3,1
197AA02,197AA,2,6,2,3,1
191AI01,191AI,2,6,2,3,1
193AA02,193AA,2,6,2,3,1
171AC03,171AC,2,5,4,3,1
174AA02,174AA,2,5,2,3,1
174AA03,174AA,2,5,2,3,1
189AG01,189AG,2,5,2,3,1
197AA04,197AA,2,6,2,3,1
199AA03,199AA,2,6,2,3,1
199AE02,199AE,2,6,2,3,1
187AG02,187AG,2,6,2,3,1
189AC02,189AC,2,5,2,3,1
187AG03,187AG,2,5,2,3,1
195AA01,195AA,2,6,2,3,1
187AA04,187AA,2,5,2,3,1
189AC01,189AC,2,6,2,3,1
191AA04,191AA,2,5,2,3,1
174AA06,174AA,2,6,2,3,1
175AK01,175AK,2,6,2,3,1
191AA01,191AA,2,5,2,3,1
191AG02,191AG,2,6,2,3,1
187AG01,187AG,2,6,2,3,1
197AA03,197AA,2,6,2,3,1
197AC01,197AC,2,6,2,3,1
189AI01,189AI,2,5,2,3,1
189AA02,189AA,2,5,2,3,1
173AE02,173AE,2,5,2,3,1
197AA01,197AA,2,6,2,3,1
179AA01,179AA,2,5,2,3,1
174AA05,174AA,2,6,2,3,1
189AA01,189AA,2,6,2,3,1
199AA02,199AA,2,6,2,3,1
193AA05,193AA,2,6,2,3,1
199AA01,199AA,2,6,2,3,1
174AA07,174AA,2,6,2,3,1
193AA01,193AA,2,5,2,3,1
191AE01,191AE,2,6,2,3,1
187AA01,187AA,2,5,2,3,1
195AA02,195AA,2,6,2,3,1
193AE01,193AE,2,6,2,3,1
173AA01,173AA,2,5,2,3,1
189AE01,189AE,2,5,2,3,1
173AE01,173AE,2,5,2,3,1
191AA02,191AA,2,5,2,3,1
187AE01,187AE,2,6,2,3,1
193AE02,193AE,2,6,2,3,1
113AF05,113AF,2,6,1,2,1
113AF03,113AF,X,6,1,2,1
113AC15,113AC,2,5,3,2,1
113AJ01,113AJ,X,7,1,2,1
104AC08,104AC,2,5,1,2,1
104AB01,104AB,2,5,1,2,1
938CB01,938CB,2,5,1,1,1
938AC01,938AC,2,5,1,1,1
203AC02,203AC,2,6,2,3,1
201AE13,201AE,2,5,2,3,1
203AC09,203AC,2,6,2,3,1
201AE19,201AE,2,6,2,3,1
203AC04,203AC,2,6,2,3,1
203AC08,203AC,2,6,2,3,1
201AE18,201AE,2,6,2,3,1
203AA07,203AA,2,6,2,3,1
201AG15,201AG,2,6,2,3,1
203AC07,203AC,2,6,2,3,1
203AC06,203AC,2,6,2,3,1
201AG14,201AG,2,6,2,3,1
201AG12,201AG,2,6,2,3,1
201AG13,201AG,2,6,2,3,1
203AC05,203AC,2,6,2,3,1
201AG10,201AG,2,6,2,3,1
201AG05,201AG,2,5,2,3,1
201AE12,201AE,2,5,2,3,1
203AC03,203AC,2,6,2,3,1
201AG06,201AG,2,6,2,3,1
201AE17,201AE,2,6,2,3,1
203AC01,203AC,2,6,2,3,1
151AC01,151AC,X,6,2,2,1
151AA01,151AA,X,6,2,2,1
143AD05,143AD,X,7,2,2,1
143AD03,143AD,3,5,4,2,1
143AD01,143AD,X,7,1,2,1
143AB03,143AB,3,5,1,2,1
143AB99,143AB,3,6,1,2,1
143AB01,143AB,X,7,1,2,1
143AD99,143AD,3,5,1,2,1
141AI05,141AI,3,5,2,2,1
141AI03,141AI,3,5,2,2,1
141AG05,141AG,3,5,4,2,1
141AE05,141AE,X,7,1,2,1
141AC03,141AC,3,6,1,2,1
141AC01,141AC,3,6,1,2,1
141AB99,141AB,X,7,1,2,1
141AB01,141AB,X,7,1,2,1
139AP99,139AP,3,5,4,2,1
139AN99,139AN,X,7,1,2,1
139AM19,139AM,3,5,5,2,1
139AM05,139AM,3,6,2,2,1
139AM01,139AM,3,5,2,2,1
139AL01,139AL,X,7,1,2,1
139AD01,139AD,1,5,4,2,1
139AE03,139AE,3,5,3,2,1
137AB05,137AB,X,6,1,2,1
137AB03,137AB,X,7,1,2,1
137AB99,137AB,X,7,1,2,1
135AE03,135AE,3,6,4,2,1
135AE01,135AE,3,6,2,2,1
135AA65,135AA,3,5,1,2,1
135AA61,135AA,3,5,5,2,1
135AC09,135AC,2,5,2,2,1
135AC07,135AC,3,6,2,2,1
135AC05,135AC,2,5,2,2,1
135AA59,135AA,3,5,1,2,1
135AC03,135AC,2,5,2,2,1
135AA57,135AA,3,6,4,2,1
135AC01,135AC,2,5,2,2,1
135AA51,135AA,3,5,4,2,1
133AA08,133AA,X,7,1,2,1
133AA21,133AA,X,7,1,2,1
133AA13,133AA,3,5,2,2,1
133AA04,133AA,X,7,1,2,1
133AA05,133AA,3,5,1,2,1
133AA01,133AA,X,7,1,2,1
133AA99,133AA,X,7,1,2,1
131AA97,131AA,3,5,2,2,1
131AA94,131AA,3,6,5,2,1
127AG05,127AG,3,6,1,2,1
127AG03,127AG,3,5,2,2,1
127AG01,127AG,1,5,1,2,1
127AC05,127AC,X,7,1,2,1
127AC03,127AC,3,5,1,2,1
127AC01,127AC,X,7,1,2,1
127AC99,127AC,X,6,1,2,1
127AA05,127AA,3,5,1,2,1
127AA03,127AA,X,7,1,2,1
127AA01,127AA,3,5,1,2,1
127AA99,127AA,3,5,1,2,1
125AA01,125AA,X,7,1,2,1
123BR01,123BR,2,5,8,2,1
123BS01,123BS,2,5,9,2,1
123BY01,123BY,2,7,1,2,1
123BA01,123BA,X,7,1,2,1
123BP01,123BP,X,7,1,2,1
123BQ01,123BQ,2,5,8,2,1
123AG05,123AG,3,5,1,2,1
123AC05,123AC,3,5,1,2,1
123AE05,123AE,3,5,1,2,1
123AC07,123AC,3,5,4,2,1
123AC03,123AC,X,7,1,2,1
123AC01,123AC,3,5,1,2,1
123AE01,123AE,1,5,1,2,1
123AB01,123AB,3,5,2,2,1
123AA10,123AA,X,7,1,2,1
123AH01,123AH,3,5,1,2,1
121AB30,121AB,3,5,9,2,1
121AS30,121AS,3,5,9,2,1
121AQ30,121AQ,2,5,8,2,1
121AA30,121AA,2,5,9,2,1
121AD30,121AD,3,5,9,2,1
121AC30,121AC,3,5,4,2,1
121AR30,121AR,3,5,9,2,1
121AP03,121AP,1,6,4,2,1
121AQ01,121AQ,2,5,5,2,1
121AS01,121AS,2,5,9,2,1
121AP01,121AP,3,5,4,2,1
121AR01,121AR,2,5,9,2,1
121AY05,121AY,2,6,4,2,1
121AY01,121AY,2,6,4,2,1
121AD20,121AD,3,5,4,2,1
121AD08,121AD,3,5,4,2,1
121AD07,121AD,3,5,4,2,1
121AD05,121AD,3,5,4,2,1
121AD01,121AD,3,5,4,2,1
121AD11,121AD,3,5,4,2,1
121AC07,121AC,3,5,4,2,1
121AC05,121AC,3,5,4,2,1
121AC01,121AC,3,5,4,2,1
121AB11,121AB,3,5,4,2,1
121AB08,121AB,3,5,4,2,1
121AB07,121AB,3,5,4,2,1
121AB06,121AB,3,5,4,2,1
121AB05,121AB,3,5,4,2,1
121AB03,121AB,3,5,4,2,1
121AB01,121AB,3,5,4,2,1
121AA11,121AA,3,5,4,2,1
121AA07,121AA,3,5,4,2,1
121AA05,121AA,3,5,4,2,1
121AA03,121AA,3,5,4,2,1
121AA01,121AA,3,5,4,2,1
119AE02,119AE,3,5,1,2,1
119AE11,119AE,X,6,1,2,1
119AE07,119AE,X,6,1,2,1
119AE05,119AE,X,6,1,2,1
119AE01,119AE,X,6,1,2,1
119AE15,119AE,X,6,1,2,1
119AE03,119AE,X,7,1,2,1
119AC01,119AC,3,5,1,2,1
113AH02,113AH,X,6,4,2,1
117AC05,117AC,X,7,1,2,1
117AC03,117AC,X,6,1,2,1
113AV03,113AV,3,5,1,2,1
113AV06,113AV,3,5,1,2,1
113AH01,113AH,X,6,1,2,1
113AG01,113AG,X,7,1,2,1
113AL09,113AL,X,6,1,2,1
113AF03,113AF,X,6,1,2,1
113AO01,113AO,X,6,4,2,1
113AK05,113AK,3,6,1,2,1
113AK03,113AK,3,6,1,2,1
113AI01,113AI,X,7,1,2,1
113AE01,113AE,X,6,1,2,1
113AD01,113AD,2,5,1,2,1
113AC09,113AC,2,5,2,2,1
113AC07,113AC,2,5,2,2,1
113AC05,113AC,X,6,2,2,1
113AC03,113AC,2,6,2,2,1
113AC01,113AC,2,6,2,2,1
113AA01,113AA,3,5,5,2,1
113BA01,113BA,X,7,1,2,1
113AJ01,113AJ,X,7,1,2,1
110AA01,110AA,X,7,1,2,1
107AK01,107AK,3,5,4,2,1
107AJ01,107AJ,X,7,1,2,1
107AI01,107AI,X,6,1,2,1
107AC09,107AC,3,5,1,2,1
107AC03,107AC,3,5,1,2,1
107AC07,107AC,3,5,1,2,1
107AF07,107AF,1,5,5,2,1
107AF05,107AF,1,5,5,2,1
107AF03,107AF,1,5,5,2,1
107AF02,107AF,3,5,5,2,1
107AF01,107AF,3,5,5,2,1
107AE01,107AE,X,7,1,2,1
107AA07,107AA,1,5,5,2,1
107AA05,107AA,1,5,5,2,1
107AA03,107AA,1,5,5,2,1
107AA02,107AA,3,5,5,2,1
107AA01,107AA,3,5,5,2,1
104AE05,104AE,3,6,1,2,1
104AE03,104AE,3,6,1,2,1
104AE01,104AE,2,5,1,2,1
104AC10,104AC,2,6,1,2,1
104AC08,104AC,2,5,1,2,1
104AA09,104AA,X,6,1,2,1
104AA05,104AA,X,7,1,2,1
104AA04,104AA,X,6,1,2,1
104AA03,104AA,2,6,1,2,1
104AA01,104AA,2,6,1,2,1
924AC07,924AC,2,5,1,1,1
930AB01,930AB,2,5,1,1,1
930DA01,930DA,2,5,1,1,1
930DA03,930DA,2,5,1,1,1
937AF01,937AF,2,5,1,1,1
932AR01,932AR,2,5,1,1,1
935AB01,935AB,2,5,1,1,1
937AB03,937AB,2,5,1,1,1
936AC01,936AC,2,5,1,1,1
926AE01,926AE,2,5,1,1,1
928AA01,928AA,2,5,1,1,1
600AE07,600AE,1,6,4,2,1
602AE02,602AE,2,7,2,3,1
604AC07,604AC,2,5,2,4,1
602AE05,602AE,2,7,2,3,1
602AE04,602AE,2,7,2,3,1
602AD05,602AD,2,5,2,3,1
602AE01,602AE,2,7,2,3,1
602AD03,602AD,2,5,2,3,1
600AA01,600AA,2,6,4,2,1
604AC01,604AC,2,5,2,4,1
600AE04,600AE,2,6,4,2,1
602AA06,602AA,2,7,2,3,1
602AD02,602AD,2,7,2,3,1
602AA07,602AA,2,7,2,3,1
602AA03,602AA,2,6,2,3,1
604AC05,604AC,2,5,2,4,1
604AB01,604AB,2,6,2,4,1
602AA01,602AA,2,7,2,3,1
604AC02,604AC,2,6,2,4,1
602AE03,602AE,2,7,2,3,1
602AD07,602AD,2,5,2,3,1
600AE13,600AE,2,6,1,2,1
604AA02,604AA,2,6,2,4,1
602AA02,602AA,2,7,2,3,1
602AD06,602AD,2,5,2,3,1
604AC03,604AC,2,5,2,4,1
600AC01,600AC,2,5,1,2,1
602AD04,602AD,2,7,2,3,1
602AC02,602AC,2,7,2,3,1
602AA05,602AA,2,7,2,3,1
602AB01,602AB,2,6,2,3,1
602AB03,602AB,2,5,2,3,1
604AB03,604AB,2,6,2,4,1
602AD01,602AD,2,5,2,3,1
602AC01,602AC,2,7,2,3,1
604AC04,604AC,2,5,2,4,1
600AE10,600AE,2,6,1,2,1
604AC06,604AC,2,5,2,4,1
602AA04,602AA,2,6,2,3,1
604AA01,604AA,2,7,2,4,1
602AB02,602AB,2,6,2,3,1
600AE01,600AE,3,6,1,2,1
604AB02,604AB,2,6,2,4,1
720AD09,720AD,2,5,1,1,1
720BD09,720BD,2,5,1,1,1
720AF07,720AF,2,5,1,1,1
720AD11,720AD,2,5,1,1,1
720CA21,720CA,2,5,1,1,1
720CA07,720CA,2,5,1,1,1
720AD15,720AD,2,5,1,1,1
720AD05,720AD,2,5,1,1,1
720CA27,720CA,2,5,1,1,1
720BD11,720BD,2,5,1,1,1
720AD03,720AD,2,5,1,1,1
720BD07,720BD,2,5,1,1,1
720BD03,720BD,2,5,1,1,1
720CA25,720CA,2,5,1,1,1
720AD07,720AD,2,5,1,1,1
720BF01,720BF,2,5,1,1,1
720CA23,720CA,2,5,1,1,1
720CA05,720CA,2,5,1,1,1
720CA15,720CA,2,5,1,1,1
720AF05,720AF,2,5,1,1,1
720BF03,720BF,2,5,1,1,1
720BF05,720BF,2,5,1,1,1
720AD21,720AD,2,5,1,1,1
720AB01,720AB,2,5,1,1,1
720BD05,720BD,2,5,1,1,1
720AF01,720AF,2,5,1,1,1
720AD01,720AD,2,5,1,1,1
720CA17,720CA,2,5,1,1,1
720AF09,720AF,2,5,1,1,1
720AF03,720AF,2,5,1,1,1
720CA13,720CA,2,5,1,1,1
720AD19,720AD,2,5,1,1,1
720CA19,720CA,2,5,1,1,1
720CA11,720CA,2,5,1,1,1
720AD13,720AD,2,5,1,1,1
720CA01,720CA,2,5,1,1,1
720CA03,720CA,2,5,1,1,1
720BD01,720BD,2,5,1,1,1
720AD17,720AD,2,5,1,1,1
231AI01,231AI,2,6,2,3,1
143AJ01,143AJ,3,7,1,2,1
143AF01,143AF,3,5,5,2,1
143DA00,143DA,3,5,9,2,2
141CA05,141CA,3,5,1,2,1
141CA03,141CA,3,5,1,2,1
139AO03,139AO,2,5,3,2,1
139AM07,139AM,3,5,4,2,1
139AO05,139AO,2,5,3,2,1
135AA55,135AA,2,5,5,2,1
123BO01,123BO,2,5,4,2,1
123BQ01,123BQ,2,5,8,2,1
121AQ30,121AQ,2,5,8,2,1
121AO30,121AO,2,5,4,2,1
121AQ01,121AQ,2,5,5,2,1
121AO01,121AO,2,5,4,2,1
119AE11,119AE,X,6,1,2,1
113AV04,113AV,3,5,1,2,1
113AA03,113AA,2,5,5,2,1
513AC00,513AC,2,5,3,2,2
928AC01,928AC,2,5,1,1,1
950AG01,950AG,2,5,1,1,1
928AE09,928AE,2,5,1,1,1
954AC11,954AC,2,5,1,1,1
710AD01,710AD,2,5,1,1,1
928AC03,928AC,2,5,1,1,1
950AG03,950AG,2,5,1,1,1
928AE05,928AE,2,5,1,1,1
952AF01,952AF,2,5,1,1,1
952AC19,952AC,2,5,1,1,1
954AM01,954AM,2,5,1,1,1
928AG01,928AG,2,5,1,1,1
952AC09,952AC,2,5,1,1,1
954AC05,954AC,2,5,1,1,1
231AM01,231AM,2,6,2,3,1
231AE07,231AE,X,7,2,3,1
231AC01,231AC,X,7,2,3,1
231AC02,231AC,X,7,2,3,1
231AR05,231AR,2,7,2,3,1
231AQ03,231AQ,2,7,2,3,1
231AE03,231AE,2,6,2,3,1
231AO01,231AO,2,6,2,3,1
231AQ05,231AQ,2,7,2,3,1
231AR01,231AR,2,7,2,3,1
231AR03,231AR,2,7,2,3,1
233AA01,233AA,2,6,2,3,1
231AA01,231AA,X,7,2,3,1
231AQ01,231AQ,2,7,2,3,1
231AE05,231AE,2,6,2,3,1
231AO03,231AO,2,6,2,3,1
231AN01,231AN,2,7,2,3,1
231AP01,231AP,2,6,2,3,1
230AC03,230AC,2,5,2,2,1
230AC01,230AC,3,5,6,2,1
233AB01,233AB,2,5,4,2,1
226AA17,226AA,1,5,4,2,1
226AA15,226AA,X,7,1,2,1
226AA13,226AA,1,5,2,2,1
226AA11,226AA,1,5,2,2,1
515AX13,515AX,X,7,1,2,1
515AX11,515AX,1,5,1,2,1
515AX09,515AX,X,7,1,2,1
226AA09,226AA,X,7,1,2,1
515AX07,515AX,3,5,4,2,1
226AA07,226AA,1,5,4,2,1
515AX05,515AX,X,7,1,2,1
227AD01,227AD,1,5,4,2,1
515AX03,515AX,3,5,5,2,1
226AA05,226AA,X,7,1,2,1
226AA03,226AA,3,5,4,2,1
515AX01,515AX,X,7,1,2,1
226AA01,226AA,X,7,1,2,1
225AE03,225AE,X,7,1,2,1
225AE01,225AE,2,5,1,2,1
223AA01,223AA,X,6,1,2,1
225AD01,225AD,2,5,1,2,1
225AC09,225AC,2,6,1,2,1
225AC07,225AC,2,5,1,2,1
225AC05,225AC,2,6,1,2,1
225AC03,225AC,2,5,1,2,1
225AC01,225AC,2,5,1,2,1
225AA01,225AA,2,5,1,2,1
221AC07,221AC,2,5,1,1,1
221AC05,221AC,2,5,1,1,1
221AC03,221AC,2,5,1,1,1
221AC01,221AC,2,5,1,1,1
221AA21,221AA,X,7,1,2,1
221AA15,221AA,2,5,1,1,1
221AA13,221AA,2,5,1,1,1
221AA11,221AA,2,6,1,1,1
221AA09,221AA,2,5,1,1,1
221AA07,221AA,2,6,1,1,1
222AO01,222AO,2,5,1,1,1
222AM01,222AM,2,5,1,1,1
222AK01,222AK,2,5,1,1,1
222AI09,222AI,2,5,1,1,1
222AI07,222AI,2,5,1,1,1
222AI05,222AI,2,5,1,1,1
222AI03,222AI,2,5,1,1,1
222AI01,222AI,2,5,1,1,1
222AI11,222AI,2,5,1,1,1
222AG03,222AG,2,5,1,1,1
222AG01,222AG,2,5,1,1,1
222AE03,222AE,2,5,1,1,1
222AE05,222AE,2,5,1,1,1
222AE01,222AE,2,5,1,1,1
515AC00,515AC,1,5,3,2,2
519AB00,519AB,3,6,2,2,2
954AG07,954AG,2,5,1,1,1
954AA17,954AA,2,5,1,1,1
954AA15,954AA,2,5,1,1,1
954AG05,954AG,2,5,1,1,1
954AE07,954AE,2,5,1,1,1
952AK01,952AK,2,5,1,1,1
954AE09,954AE,2,5,1,1,1
710CA07,710CA,2,5,1,1,1
952AK03,952AK,2,5,1,1,1
954AE05,954AE,2,5,1,1,1
211AC01,211AC,2,7,2,3,1
211AC03,211AC,2,7,2,3,1
211AE01,211AE,2,7,2,3,1
211AC04,211AC,2,6,2,3,1
211AA05,211AA,2,7,2,3,1
211AA04,211AA,2,7,2,3,1
211AI01,211AI,2,6,2,3,1
211AA03,211AA,2,7,2,3,1
211AC02,211AC,2,7,2,3,1
211AA02,211AA,2,5,2,3,1
211AG01,211AG,2,7,2,3,1
211AA01,211AA,2,6,2,3,1
211AC05,211AC,2,7,2,3,1
141AG07,141AG,3,5,1,2,1
141AG03,141AG,3,5,1,2,1
141AG01,141AG,3,6,1,2,1
141AE01,141AE,X,6,2,2,1
139AP16,139AP,3,0,2,0,1
139AM03,139AM,3,5,6,2,1
133AA09,133AA,X,6,1,2,1
133AA07,133AA,3,6,1,2,1
123BL01,123BL,3,5,4,2,1
123CA01,123CA,3,5,1,2,1
121AL30,121AL,2,5,4,2,1
121AL01,121AL,2,5,4,2,1
121AM01,121AM,2,5,4,2,1
113AQ35,113AQ,3,5,4,2,1
113AQ31,113AQ,3,5,4,2,1
113AQ39,113AQ,3,5,4,2,1
113AQ25,113AQ,3,5,4,2,1
113AQ29,113AQ,3,5,4,2,1
952AE01,952AE,2,5,1,1,1
950AM01,950AM,2,5,1,1,1
950AK05,950AK,2,5,1,1,1
924AE07,924AE,2,5,1,1,1
950AK09,950AK,2,5,1,1,1
952AM01,952AM,2,5,1,1,1
950AA13,950AA,2,5,1,1,1
950AK11,950AK,2,5,1,1,1
950AI09,950AI,2,5,1,1,1
950AA15,950AA,2,5,1,1,1
952AD01,952AD,2,5,1,1,1
924AE11,924AE,2,5,1,1,1
950AK07,950AK,2,5,1,1,1
924AE09,924AE,2,5,1,1,1
950AI03,950AI,2,5,1,1,1
950AA17,950AA,2,5,1,1,1
227AE03,227AE,X,7,1,2,1
221AA03,221AA,2,5,1,1,1
221AA01,221AA,2,5,1,1,1
222AC01,222AC,2,5,1,1,1
231AJ01,231AJ,2,5,2,3,1
231AI03,231AI,2,6,2,3,1
231AI02,231AI,2,6,2,3,1
231AG01,231AG,X,7,2,3,1
231AG02,231AG,X,7,2,3,1
145AA01,145AA,2,5,2,2,1
143AK09,143AK,3,5,4,2,1
143AK05,143AK,3,5,4,2,1
143AK03,143AK,3,5,4,2,1
143AK01,143AK,3,5,1,2,1
143AI99,143AI,X,7,1,2,1
143AI03,143AI,3,6,2,2,1
143AI01,143AI,3,6,1,2,1
143AE05,143AE,3,5,5,2,1
143AE03,143AE,3,5,5,2,1
143AE01,143AE,3,6,2,2,1
143AE99,143AE,1,5,5,2,1
143AD05,143AD,X,7,2,2,1
143AD03,143AD,3,5,4,2,1
143AD01,143AD,X,7,1,2,1
143AB03,143AB,3,5,1,2,1
143AB99,143AB,3,6,1,2,1
143AB01,143AB,X,7,1,2,1
143AD99,143AD,3,5,1,2,1
141AG05,141AG,3,5,4,2,1
141AE05,141AE,X,7,1,2,1
141AC03,141AC,3,6,1,2,1
141AC01,141AC,3,6,1,2,1
141AB99,141AB,X,7,1,2,1
141AB01,141AB,X,7,1,2,1
139AP10,139AP,3,6,2,2,1
139AP18,139AP,3,0,2,0,1
139AP99,139AP,3,5,4,2,1
139AN99,139AN,X,7,1,2,1
139AM19,139AM,3,5,5,2,1
139AM09,139AM,3,6,2,2,1
139AM05,139AM,3,6,2,2,1
139AM01,139AM,3,5,2,2,1
137AB99,137AB,X,7,1,2,1
137AB01,137AB,X,7,1,2,1
135AA61,135AA,3,5,5,2,1
135AA57,135AA,3,6,4,2,1
135AA51,135AA,3,5,4,2,1
133AA08,133AA,X,7,1,2,1
133AA06,133AA,X,7,4,2,1
133AA13,133AA,3,5,2,2,1
133AA04,133AA,X,7,1,2,1
133AA05,133AA,3,5,1,2,1
133AA02,133AA,X,7,1,2,1
133AA01,133AA,X,7,1,2,1
133AA99,133AA,X,7,1,2,1
131AA97,131AA,3,5,2,2,1
131AA95,131AA,X,7,4,2,1
131AA94,131AA,3,6,5,2,1
127AG05,127AG,3,6,1,2,1
127AG03,127AG,3,5,2,2,1
127AG01,127AG,1,5,1,2,1
127AC05,127AC,X,7,1,2,1
127AC03,127AC,3,5,1,2,1
127AC01,127AC,X,7,1,2,1
127AA05,127AA,3,5,1,2,1
127AA03,127AA,X,7,1,2,1
127AA01,127AA,3,5,1,2,1
127AA99,127AA,3,5,1,2,1
125AA01,125AA,X,7,1,2,1
123BN01,123BN,3,5,4,2,1
123BP01,123BP,X,7,1,2,1
123BM01,123BM,3,5,4,2,1
121BA01,121BA,X,7,1,2,1
121AN30,121AN,2,5,4,2,1
121AM30,121AM,2,5,4,2,1
121AP03,121AP,1,6,4,2,1
121AN01,121AN,2,5,4,2,1
119AE15,119AE,X,6,1,2,1
119AC01,119AC,3,5,1,2,1
117AC05,117AC,X,7,1,2,1
117AC03,117AC,X,6,1,2,1
113AV03,113AV,3,5,1,2,1
113AV01,113AV,1,5,1,2,1
113AT03,113AT,X,6,1,2,1
113AQ21,113AQ,3,5,4,2,1
113AO01,113AO,X,6,4,2,1
113AK05,113AK,3,6,1,2,1
113AK03,113AK,3,6,1,2,1
113AI01,113AI,X,7,1,2,1
113AA01,113AA,3,5,5,2,1
113BA01,113BA,X,7,1,2,1
110AA01,110AA,X,7,1,2,1
107AK01,107AK,3,5,4,2,1
107AC05,107AC,3,5,1,2,1
926AC07,926AC,2,5,1,1,1
954AC07,954AC,2,5,1,1,1
954AA01,954AA,2,5,1,1,1
952AC21,952AC,2,5,1,1,1
954AA03,954AA,2,5,1,1,1
954AI05,954AI,2,5,1,1,1
952AC15,952AC,2,5,1,1,1
950AE01,950AE,2,5,1,1,1
952AG05,952AG,2,5,1,1,1
952AI09,952AI,2,5,1,1,1
952AC17,952AC,2,5,1,1,1
950AE03,950AE,2,5,1,1,1
954AC09,954AC,2,5,1,1,1
954AI07,954AI,2,5,1,1,1
952AI07,952AI,2,5,1,1,1
950AE09,950AE,2,5,1,1,1
926AC01,926AC,2,5,1,1,1
926AC09,926AC,2,5,1,1,1
952AC07,952AC,2,5,1,1,1
926AC05,926AC,2,5,1,1,1
954AA11,954AA,2,5,1,1,1
143AK07,143AK,3,6,1,2,1
230AA03,230AA,2,5,2,2,1
230AA01,230AA,3,6,2,2,1
227AK01,227AK,1,5,4,2,1
227AI05,227AI,X,7,1,2,1
227AI03,227AI,1,5,2,2,1
227AI01,227AI,1,5,2,2,1
227AG01,227AG,X,7,1,2,1
227AE01,227AE,1,5,4,2,1
227AC01,227AC,X,7,1,2,1
223AA02,223AA,X,6,1,2,1
221AE01,221AE,3,5,1,2,1
221AC09,221AC,2,5,1,1,1
221AA19,221AA,2,6,1,1,1
221AA17,221AA,2,5,1,1,1
221AA05,221AA,2,5,1,1,1
502AA00,502AA,3,6,2,2,2
515AB03,515AB,2,5,3,2,1
135AA59,135AA,3,5,1,2,1
127AC99,127AC,X,6,1,2,1
119AE17,119AE,X,6,1,2,1
119AA01,119AA,3,5,1,2,1
119AC03,119AC,X,7,1,2,1
139AM15,139AM,2,5,2,2,1
139AM13,139AM,1,7,2,2,1
137AB29,137AB,X,7,1,2,1
137AB27,137AB,2,5,2,2,1
137AB25,137AB,X,7,1,2,1
135AA15,135AA,2,5,2,2,1
135AA13,135AA,2,5,2,2,1
131AA93,131AA,X,7,4,2,1
131AA91,131AA,3,5,4,2,1
131AA17,131AA,2,5,2,2,1
131AA15,131AA,X,7,1,2,1
131AA13,131AA,2,5,1,2,1
123BV01,123BV,2,5,9,2,1
123BZ01,123BZ,2,5,9,2,1
121AV30,121AV,2,5,9,2,1
121AZ30,121AZ,2,5,9,2,1
121AZ01,121AZ,2,5,9,2,1
121AV01,121AV,2,5,9,2,1
121AP01,121AP,3,5,4,2,1
113AQ03,113AQ,2,5,1,2,1
113AQ01,113AQ,2,5,2,2,1
912AA01,912AA,2,5,1,1,1
912AE03,912AE,2,5,1,1,1
918AK01,918AK,2,5,1,1,1
910AA01,910AA,2,5,1,1,1
912AC01,912AC,2,5,1,1,1
918AI01,918AI,2,5,1,1,1
912AE07,912AE,2,5,1,1,1
918AM01,918AM,2,5,1,1,1
912AA03,912AA,2,5,1,1,1
912AE05,912AE,2,5,1,1,1
924AE03,924AE,2,5,1,1,1
920AA01,920AA,2,5,1,1,1
924AC09,924AC,2,5,1,1,1
211AI01,211AI,2,6,2,3,1
149AG03,149AG,2,5,2,3,1
149AE03,149AE,X,7,2,3,1
149AC03,149AC,2,5,2,3,1
143AB03,143AB,3,5,1,2,1
143AB01,143AB,X,7,1,2,1
123BL01,123BL,3,5,4,2,1
123BM01,123BM,3,5,4,2,1
123CA01,123CA,3,5,1,2,1
121AM30,121AM,2,5,4,2,1
121AL30,121AL,2,5,4,2,1
121AL01,121AL,2,5,4,2,1
121AM01,121AM,2,5,4,2,1
119AC03,119AC,X,7,1,2,1
113AQ35,113AQ,3,5,4,2,1
113AQ31,113AQ,3,5,4,2,1
113AQ39,113AQ,3,5,4,2,1
113AQ25,113AQ,3,5,4,2,1
113AQ29,113AQ,3,5,4,2,1
918AA03,918AA,2,5,1,1,1
914AA01,914AA,2,5,1,1,1
918AA01,918AA,2,5,1,1,1
916AA03,916AA,2,5,1,1,1
916AA05,916AA,2,5,1,1,1
916AA01,916AA,2,5,1,1,1
914AA03,914AA,2,5,1,1,1
918AA05,918AA,2,5,1,1,1
918AC01,918AC,2,5,1,1,1
924AE07,924AE,2,5,1,1,1
924AE11,924AE,2,5,1,1,1
924AE09,924AE,2,5,1,1,1
924AE05,924AE,2,5,1,1,1
149AG01,149AG,1,5,2,3,1
149AE01,149AE,X,7,2,3,1
149AC01,149AC,1,5,2,3,1
149AA01,149AA,X,7,2,3,1
143AB99,143AB,3,6,1,2,1
143AD99,143AD,3,5,1,2,1
141AG05,141AG,3,5,4,2,1
141AC01,141AC,3,6,1,2,1
141AB99,141AB,X,7,1,2,1
139AP99,139AP,3,5,4,2,1
139AN99,139AN,X,7,1,2,1
139AM19,139AM,3,5,5,2,1
139AM05,139AM,3,6,2,2,1
139AM01,139AM,3,5,2,2,1
139AM99,139AM,2,5,5,2,1
137AB99,137AB,X,7,1,2,1
135AA61,135AA,3,5,5,2,1
135AA59,135AA,3,5,1,2,1
135AA51,135AA,3,5,4,2,1
133AA99,133AA,X,7,1,2,1
131AA97,131AA,3,5,2,2,1
131AA94,131AA,3,6,5,2,1
127AG05,127AG,3,6,1,2,1
127AE01,127AE,2,5,1,2,1
127AC01,127AC,X,7,1,2,1
127AC99,127AC,X,6,1,2,1
127AA99,127AA,3,5,1,2,1
125AA01,125AA,X,7,1,2,1
123AK03,123AK,1,5,1,2,1
123BJ01,123BJ,3,5,4,2,1
123BP01,123BP,X,7,1,2,1
123BK01,123BK,3,5,4,2,1
123AK05,123AK,0,7,1,2,1
123CB01,123CB,3,5,4,2,1
121BA01,121BA,X,7,1,2,1
121AJ30,121AJ,2,5,4,2,1
121BC30,121BC,2,6,4,2,1
121BE30,121BE,1,6,4,2,1
121AK30,121AK,2,5,4,2,1
121BD30,121BD,3,6,4,2,1
121BB30,121BB,2,6,4,2,1
121AP03,121AP,1,6,4,2,1
121BC01,121BC,2,5,4,2,1
121AJ01,121AJ,2,5,4,2,1
121BE01,121BE,1,6,4,2,1
121BD01,121BD,3,5,4,2,1
121AK01,121AK,2,5,4,2,1
121BB01,121BB,2,5,4,2,1
119AI01,119AI,X,7,1,2,1
119AE17,119AE,X,6,1,2,1
119AE15,119AE,X,6,1,2,1
119AA01,119AA,3,5,1,2,1
119AC01,119AC,3,5,1,2,1
117AA01,117AA,X,7,1,2,1
117AC05,117AC,X,7,1,2,1
117AC03,117AC,X,6,1,2,1
113AV03,113AV,3,5,1,2,1
113AV01,113AV,1,5,1,2,1
113AT03,113AT,X,6,1,2,1
113AQ37,113AQ,3,5,4,2,1
113AQ27,113AQ,3,5,4,2,1
113AQ21,113AQ,3,5,4,2,1
113AO01,113AO,X,6,4,2,1
113AK05,113AK,3,6,1,2,1
113AK03,113AK,3,6,1,2,1
113AK01,113AK,3,6,1,2,1
113AI01,113AI,X,7,1,2,1
113AG03,113AG,X,6,1,2,1
113BA01,113BA,X,7,1,2,1
110AA01,110AA,X,7,1,2,1
107AK01,107AK,3,5,4,2,1
107AI01,107AI,X,6,1,2,1
107AC05,107AC,3,5,1,2,1
101AC01,101AC,2,5,1,2,1
912AE01,912AE,2,5,1,1,1
912AE11,912AE,2,5,1,1,1
918AG01,918AG,2,5,1,1,1
918AE01,918AE,2,5,1,1,1
912AE09,912AE,2,5,1,1,1
924AE01,924AE,2,5,1,1,1
143AD05,143AD,X,7,2,2,1
143AD03,143AD,3,5,4,2,1
143AD01,143AD,X,7,1,2,1
141AE05,141AE,X,7,1,2,1
141AC03,141AC,3,6,1,2,1
141AB01,141AB,X,7,1,2,1
127AC05,127AC,X,7,1,2,1
127AC03,127AC,3,5,1,2,1
127AA05,127AA,3,5,1,2,1
127AA03,127AA,X,7,1,2,1
127AA01,127AA,3,5,1,2,1
113AT01,113AT,X,7,1,2,1
926AC01,926AC,2,5,1,1,1
123BS01,123BS,2,5,9,2,1
123BZ01,123BZ,2,5,9,2,1
121AS30,121AS,3,5,9,2,1
121AZ30,121AZ,2,5,9,2,1
121AZ01,121AZ,2,5,9,2,1
121AS01,121AS,2,5,9,2,1
121AP01,121AP,3,5,4,2,1
119AE07,119AE,X,6,1,2,1
107AC03,107AC,3,5,1,2,1
104AA05,104AA,X,7,1,2,1
104AA04,104AA,X,6,1,2,1
924AA01,924AA,2,5,1,1,1
924AC09,924AC,2,5,1,1,1
926AE01,926AE,2,5,1,1,1
143AB03,143AB,3,5,1,2,1
143AB01,143AB,X,7,1,2,1
123BQ01,123BQ,2,5,8,2,1
121AQ30,121AQ,2,5,8,2,1
121AQ01,121AQ,2,5,5,2,1
119AE11,119AE,X,6,1,2,1
113AV04,113AV,3,5,1,2,1
113AQ31,113AQ,3,5,4,2,1
113AQ39,113AQ,3,5,4,2,1
113AQ04,113AQ,3,5,4,2,1
113AQ29,113AQ,3,5,4,2,1
113AA03,113AA,2,5,5,2,1
107AC04,107AC,3,5,1,2,1
107AF04,107AF,3,5,5,2,1
928AC01,928AC,2,5,1,1,1
926AC03,926AC,2,5,1,1,1
928AA01,928AA,2,5,1,1,1
928AE01,928AE,2,5,1,1,1
143AD05,143AD,X,7,2,2,1
143AD03,143AD,3,5,4,2,1
143AD01,143AD,X,7,1,2,1
143AB99,143AB,3,6,1,2,1
143AD99,143AD,3,5,1,2,1
141AG05,141AG,3,5,4,2,1
141AE05,141AE,X,7,1,2,1
141AC03,141AC,3,6,1,2,1
141AC01,141AC,3,6,1,2,1
141AB99,141AB,X,7,1,2,1
141AB01,141AB,X,7,1,2,1
139AP99,139AP,3,5,4,2,1
139AN99,139AN,X,7,1,2,1
139AM19,139AM,3,5,5,2,1
139AM05,139AM,3,6,2,2,1
139AM01,139AM,3,5,2,2,1
139AM99,139AM,2,5,5,2,1
139AL01,139AL,X,7,1,2,1
139AD01,139AD,1,5,4,2,1
137AB99,137AB,X,7,1,2,1
135AA61,135AA,3,5,5,2,1
135AA59,135AA,3,5,1,2,1
135AA57,135AA,3,6,4,2,1
135AA51,135AA,3,5,4,2,1
133AA08,133AA,X,7,1,2,1
133AA13,133AA,3,5,2,2,1
133AA04,133AA,X,7,1,2,1
133AA05,133AA,3,5,1,2,1
133AA01,133AA,X,7,1,2,1
133AA99,133AA,X,7,1,2,1
131AA97,131AA,3,5,2,2,1
131AA94,131AA,3,6,5,2,1
127AG05,127AG,3,6,1,2,1
127AG03,127AG,3,5,2,2,1
127AG01,127AG,1,5,1,2,1
127AC05,127AC,X,7,1,2,1
127AC03,127AC,3,5,1,2,1
127AC01,127AC,X,7,1,2,1
127AC99,127AC,X,6,1,2,1
127AA05,127AA,3,5,1,2,1
127AA03,127AA,X,7,1,2,1
127AA01,127AA,3,5,1,2,1
127AA99,127AA,3,5,1,2,1
125AA01,125AA,X,7,1,2,1
123BR01,123BR,2,5,8,2,1
123BP01,123BP,X,7,1,2,1
121AR30,121AR,3,5,9,2,1
121AP03,121AP,1,6,4,2,1
121AR01,121AR,2,5,9,2,1
119AE17,119AE,X,6,1,2,1
119AE15,119AE,X,6,1,2,1
119AC01,119AC,3,5,1,2,1
113AH02,113AH,X,6,4,2,1
117AC05,117AC,X,7,1,2,1
117AC03,117AC,X,6,1,2,1
113AV03,113AV,3,5,1,2,1
113AV01,113AV,1,5,1,2,1
113AV06,113AV,3,5,1,2,1
113AT03,113AT,X,6,1,2,1
113AQ37,113AQ,3,5,4,2,1
113AQ27,113AQ,3,5,4,2,1
113AQ21,113AQ,3,5,4,2,1
113AO01,113AO,X,6,4,2,1
113AK05,113AK,3,6,1,2,1
113AK03,113AK,3,6,1,2,1
113AK01,113AK,3,6,1,2,1
113AI01,113AI,X,7,1,2,1
113AC01,113AC,2,6,2,2,1
113AG03,113AG,X,6,1,2,1
113AA01,113AA,3,5,5,2,1
113BA01,113BA,X,7,1,2,1
110AA01,110AA,X,7,1,2,1
107AK01,107AK,3,5,4,2,1
107AJ01,107AJ,X,7,1,2,1
107AI01,107AI,X,6,1,2,1
107AC09,107AC,3,5,1,2,1
107AC07,107AC,3,5,1,2,1
107AC05,107AC,3,5,1,2,1
107AF01,107AF,3,5,5,2,1
107AE01,107AE,X,7,1,2,1
107AA01,107AA,3,5,5,2,1
926AA01,926AA,2,5,1,1,1
926AC01,926AC,2,5,1,1,1
924AE01,924AE,2,5,1,1,1
167AA01,167AA,2,5,4,3,1
163AA04,163AA,2,5,2,3,1
170AE01,170AE,2,5,4,3,1
169AC02,169AC,2,5,4,3,1
167AC02,167AC,2,5,4,3,1
165AC01,165AC,2,5,4,3,1
170AA02,170AA,2,5,4,3,1
171AC02,171AC,2,5,4,3,1
169AE01,169AE,2,5,4,3,1
163AC02,163AC,2,5,4,3,1
163AE03,163AE,2,6,4,3,1
170AC04,170AC,2,5,2,3,1
163AG01,163AG,2,5,4,3,1
169AC03,169AC,2,5,4,3,1
171AA02,171AA,2,5,4,3,1
167AC04,167AC,2,5,4,3,1
163AA01,163AA,2,5,4,3,1
169AE04,169AE,2,5,4,3,1
179AC02,179AC,2,5,2,3,1
171AC03,171AC,2,5,4,3,1
163AC03,163AC,2,6,4,3,1
179AC01,179AC,2,5,2,3,1
169AA03,169AA,2,5,4,3,1
165AC02,165AC,2,5,2,3,1
171AA04,171AA,2,5,4,3,1
171AA01,171AA,2,5,4,3,1
164AA01,164AA,2,5,4,3,1
169AE03,169AE,2,5,4,3,1
163AG02,163AG,2,5,2,3,1
165AA01,165AA,2,5,4,3,1
170AC02,170AC,2,5,4,3,1
171AC01,171AC,2,5,4,3,1
167AC01,167AC,2,5,4,3,1
163AE04,163AE,2,5,2,3,1
164AA02,164AA,2,5,2,3,1
167AC03,167AC,2,5,4,3,1
163AE01,163AE,2,5,4,3,1
169AC01,169AC,2,5,4,3,1
169AE02,169AE,2,5,4,3,1
169AA01,169AA,2,5,4,3,1
177AA01,177AA,2,5,2,3,1
167AC05,167AC,2,5,2,3,1
171AA03,171AA,2,5,4,3,1
169AC04,169AC,2,5,2,3,1
179AA05,179AA,2,5,2,3,1
170AA01,170AA,2,5,4,3,1
163AC01,163AC,2,5,4,3,1
167AA02,167AA,2,5,2,3,1
163AE02,163AE,2,5,4,3,1
163AA02,163AA,2,5,4,3,1
169AA02,169AA,2,5,4,3,1
173AA01,173AA,2,5,2,3,1
170AE02,170AE,2,5,2,3,1
170AC03,170AC,2,5,4,3,1
165AA02,165AA,2,5,4,3,1
165AA03,165AA,2,5,4,3,1
169AA04,169AA,2,5,4,3,1
170AA03,170AA,2,5,4,3,1
170AA04,170AA,2,5,2,3,1
170AC01,170AC,2,5,4,3,1
163AA03,163AA,2,6,4,3,1
165AA04,165AA,2,5,2,3,1
169AE05,169AE,2,5,2,3,1
169AA05,169AA,2,5,2,3,1
147AA01,147AA,X,7,2,2,1
147AA04,147AA,2,5,3,2,1
147AA03,147AA,X,7,2,2,1
147AA02,147AA,X,7,2,2,1
144AA08,144AA,3,5,1,2,1
144AA06,144AA,3,5,1,2,1
144AA04,144AA,3,5,1,2,1
144AA02,144AA,3,5,1,2,1
144AA07,144AA,3,5,1,2,1
144AA05,144AA,3,5,1,2,1
144AA03,144AA,3,5,1,2,1
144AA01,144AA,3,5,1,2,1
143AB99,143AB,3,6,1,2,1
141AG11,141AG,3,5,4,2,1
141AG05,141AG,3,5,4,2,1
141AC01,141AC,3,6,1,2,1
141AB11,141AB,X,6,1,2,1
141AB09,141AB,2,6,1,2,1
141AB99,141AB,X,7,1,2,1
139AP07,139AP,1,6,5,2,1
139AP02,139AP,2,5,5,2,1
139AP01,139AP,1,5,5,2,1
139AP08,139AP,2,6,5,2,1
139AP03,139AP,1,5,5,2,1
139AP05,139AP,1,5,5,2,1
139AP04,139AP,2,5,5,2,1
139AP06,139AP,2,5,5,2,1
139AP99,139AP,3,5,4,2,1
139AP12,139AP,3,5,1,2,1
139AN05,139AN,X,7,1,2,1
139AN99,139AN,X,7,1,2,1
139AN03,139AN,X,7,1,2,1
139AN01,139AN,3,7,1,2,1
139AN04,139AN,X,7,1,2,1
139AN02,139AN,X,7,1,2,1
139AM19,139AM,3,5,5,2,1
139AM05,139AM,3,6,2,2,1
139AM01,139AM,3,5,2,2,1
139AM99,139AM,2,5,5,2,1
139AL01,139AL,X,7,1,2,1
139AC07,139AC,1,6,5,2,1
139AC03,139AC,1,5,5,2,1
139AC01,139AC,2,5,5,2,1
139AC02,139AC,2,5,5,2,1
139AC04,139AC,2,5,5,2,1
139AF01,139AF,3,5,3,2,1
139AD01,139AD,1,5,4,2,1
139AC05,139AC,1,5,5,2,1
139AC06,139AC,2,5,5,2,1
137AB19,137AB,X,6,1,2,1
137AB17,137AB,X,6,1,2,1
137AB15,137AB,X,7,1,2,1
137AB11,137AB,X,7,1,2,1
137AB09,137AB,3,5,1,2,1
137AB05,137AB,X,6,1,2,1
137AB99,137AB,X,7,1,2,1
135AA65,135AA,3,5,1,2,1
135AA61,135AA,3,5,5,2,1
135AA63,135AA,3,5,2,2,1
135AA59,135AA,3,5,1,2,1
135AA53,135AA,0,7,1,2,1
135AA51,135AA,3,5,4,2,1
133AA99,133AA,X,7,1,2,1
131AA97,131AA,3,5,2,2,1
131AA93,131AA,X,7,4,2,1
131AA91,131AA,3,5,4,2,1
127AG05,127AG,3,6,1,2,1
127AG03,127AG,3,5,2,2,1
127AC01,127AC,X,7,1,2,1
127AA99,127AA,3,5,1,2,1
125AA01,125AA,X,7,1,2,1
123BV01,123BV,2,5,9,2,1
123BS01,123BS,2,5,9,2,1
123BX01,123BX,2,5,9,2,1
123BI01,123BI,2,5,9,2,1
123BZ01,123BZ,2,5,9,2,1
123BJ01,123BJ,3,5,4,2,1
123BA01,123BA,X,7,1,2,1
123BP01,123BP,X,7,1,2,1
123BU01,123BU,2,5,9,2,1
123BW01,123BW,2,5,9,2,1
123AC05,123AC,3,5,1,2,1
123AB05,123AB,3,5,2,2,1
123AC07,123AC,3,5,4,2,1
123AB03,123AB,X,7,2,2,1
123AC01,123AC,3,5,1,2,1
123AB01,123AB,3,5,2,2,1
121BA01,121BA,X,7,1,2,1
121AI30,121AI,2,5,9,2,1
121AV30,121AV,2,5,9,2,1
121AJ30,121AJ,2,5,4,2,1
121AS30,121AS,3,5,9,2,1
121AZ30,121AZ,2,5,9,2,1
121AW30,121AW,2,5,9,2,1
121AX30,121AX,2,5,9,2,1
121AU30,121AU,2,5,9,2,1
121AX01,121AX,2,5,9,2,1
121AZ01,121AZ,2,5,9,2,1
121AJ01,121AJ,2,5,4,2,1
121AS01,121AS,2,5,9,2,1
121AV01,121AV,2,5,9,2,1
121AW01,121AW,2,5,9,2,1
121AP01,121AP,3,5,4,2,1
121AU01,121AU,2,5,9,2,1
121AI01,121AI,2,5,9,2,1
121AB03,121AB,3,5,4,2,1
121AA01,121AA,3,5,4,2,1
119AG01,119AG,X,7,1,2,1
119AE17,119AE,X,6,1,2,1
119AE07,119AE,X,6,1,2,1
119AE05,119AE,X,6,1,2,1
119AE01,119AE,X,6,1,2,1
119AE15,119AE,X,6,1,2,1
119AC01,119AC,3,5,1,2,1
117AC05,117AC,X,7,1,2,1
117AC03,117AC,X,6,1,2,1
113AV03,113AV,3,5,1,2,1
113AV01,113AV,1,5,1,2,1
113AT01,113AT,X,7,1,2,1
113AQ13,113AQ,3,5,4,2,1
113AQ21,113AQ,3,5,4,2,1
113AO01,113AO,X,6,4,2,1
113AK05,113AK,3,6,1,2,1
113AK03,113AK,3,6,1,2,1
113AI01,113AI,X,7,1,2,1
113AD01,113AD,2,5,1,2,1
113BA01,113BA,X,7,1,2,1
110AA01,110AA,X,7,1,2,1
107AK01,107AK,3,5,4,2,1
107AI01,107AI,X,6,1,2,1
107AC03,107AC,3,5,1,2,1
104AG14,104AG,3,5,1,2,1
104AG13,104AG,3,5,1,2,1
104AG12,104AG,3,5,1,2,1
104AG11,104AG,3,5,1,2,1
104AG10,104AG,X,7,1,2,1
104AG09,104AG,X,7,1,2,1
104AG04,104AG,2,5,1,2,1
104AG03,104AG,3,5,1,2,1
104AG02,104AG,2,5,1,2,1
104AG05,104AG,3,5,1,2,1
104AG06,104AG,2,5,1,2,1
104AG08,104AG,2,5,1,2,1
104AG01,104AG,3,5,1,2,1
104AG07,104AG,3,5,1,2,1
104AA04,104AA,X,6,1,2,1
161AA03,161AA,2,5,1,2,1
161AA01,161AA,2,5,1,2,1
924AC05,924AC,2,5,1,1,1
922AA01,922AA,2,5,1,1,1
924AC07,924AC,2,5,1,1,1
924AA01,924AA,2,5,1,1,1
920AA01,920AA,2,5,1,1,1
924AC09,924AC,2,5,1,1,1
937AB03,937AB,2,5,1,1,1
937AB01,937AB,2,5,1,1,1
924AC03,924AC,2,5,1,1,1
922AA03,922AA,2,5,1,1,1
924AC01,924AC,2,5,1,1,1
404AS05,404AS,2,6,2,4,1
404AS04,404AS,2,6,2,4,1
404AS03,404AS,2,6,2,4,1
404AS02,404AS,X,7,1,4,1
404AS01,404AS,2,5,5,4,1
404AR04,404AR,2,6,2,4,1
404AR03,404AR,2,5,5,4,1
404AR02,404AR,2,5,1,4,1
404AR01,404AR,2,6,2,4,1
404AN03,404AN,2,6,2,4,1
404AN02,404AN,2,5,5,4,1
404AN01,404AN,2,5,1,4,1
404AM01,404AM,2,6,2,4,1
404AI01,404AI,2,6,2,4,1
404AH04,404AH,2,6,2,4,1
404AH03,404AH,2,6,2,4,1
404AH02,404AH,2,5,2,4,1
404AH01,404AH,X,7,1,4,1
404AB03,404AB,2,6,2,4,1
404AB02,404AB,2,5,1,4,1
404AB01,404AB,X,7,1,4,1
402AK01,402AK,2,6,1,4,1
402AD03,402AD,X,7,1,4,1
402AD02,402AD,2,5,5,4,1
402AD01,402AD,2,5,5,4,1
402AB03,402AB,X,7,1,4,1
402AB02,402AB,2,5,5,4,1
402AB01,402AB,2,5,5,4,1
400AI01,400AI,3,7,1,4,1
400AB02,400AB,X,7,1,4,1
400AB01,400AB,2,5,5,4,1
948AC01,948AC,3,5,1,1,1
949AA01,949AA,2,5,1,1,1
404AU10,404AU,2,5,2,4,1
404AU09,404AU,X,7,2,4,1
404AU08,404AU,2,6,2,4,1
404AU07,404AU,2,5,5,4,1
404AU06,404AU,2,6,2,4,1
404AU05,404AU,X,7,1,4,1
404AU04,404AU,2,5,5,4,1
404AU02,404AU,2,5,5,4,1
404AK06,404AK,2,6,2,4,1
404AK05,404AK,2,5,5,4,1
404AK04,404AK,X,7,1,4,1
404AK03,404AK,2,5,2,4,1
404AK02,404AK,X,7,1,4,1
404AK01,404AK,2,6,2,4,1
404AF01,404AF,2,5,2,4,1
402AV04,402AV,X,7,1,4,1
402AV03,402AV,2,5,5,4,1
402AV02,402AV,2,6,2,4,1
402AV01,402AV,2,5,5,4,1
402AU04,402AU,X,7,1,4,1
402AU03,402AU,2,5,5,4,1
402AU02,402AU,2,6,2,4,1
402AU01,402AU,2,5,5,4,1
402AT04,402AT,2,5,5,4,1
402AT03,402AT,X,7,1,4,1
402AT02,402AT,2,5,5,4,1
402AT01,402AT,2,5,5,4,1
402AP03,402AP,2,5,5,4,1
402AP02,402AP,2,6,2,4,1
402AP01,402AP,2,5,5,4,1
402AN02,402AN,2,5,5,4,1
402AN01,402AN,2,6,2,4,1
402AG04,402AG,X,7,1,4,1
402AG03,402AG,2,5,5,4,1
402AG02,402AG,2,6,2,4,1
402AG01,402AG,2,5,5,4,1
402AF04,402AF,2,6,2,4,1
402AF03,402AF,2,5,1,4,1
402AF02,402AF,2,5,5,4,1
402AF01,402AF,2,5,5,4,1
402AC02,402AC,2,6,2,4,1
402AC01,402AC,2,5,5,4,1
400AH03,400AH,X,7,1,4,1
400AH02,400AH,2,5,5,4,1
400AH01,400AH,2,6,2,4,1
400AF08,400AF,2,5,4,4,1
400AF07,400AF,X,7,1,4,1
400AF01,400AF,X,7,1,4,1
400AD02,400AD,2,5,5,4,1
400AD01,400AD,2,6,2,4,1
948AI05,948AI,2,5,1,1,1
948AI09,948AI,2,5,1,1,1
948AI07,948AI,2,5,1,1,1
948AI03,948AI,2,5,1,1,1
372AC18,372AC,2,6,2,3,1
372AC17,372AC,2,6,2,3,1
372AC16,372AC,2,6,2,3,1
372AC15,372AC,2,6,2,3,1
372AC14,372AC,2,6,2,3,1
374AC06,374AC,2,6,2,3,1
374AC01,374AC,2,6,2,3,1
362AE19,362AE,2,5,4,2,1
362AE18,362AE,2,5,4,2,1
362AE17,362AE,2,5,4,2,1
362AE16,362AE,2,5,4,2,1
362AE15,362AE,2,5,4,2,1
362AE14,362AE,2,5,4,2,1
362AE13,362AE,2,5,4,2,1
362AE12,362AE,2,5,4,2,1
362AE11,362AE,2,5,4,2,1
362AE10,362AE,2,5,4,2,1
362AE09,362AE,2,5,4,2,1
362AE08,362AE,2,5,4,2,1
362AE07,362AE,2,5,4,2,1
362AE06,362AE,2,5,4,2,1
362AE05,362AE,2,5,4,2,1
362AE04,362AE,2,5,4,2,1
362AE02,362AE,2,5,4,2,1
360AB11,360AB,X,7,1,2,1
360AB10,360AB,X,7,1,2,1
360AB09,360AB,X,7,1,2,1
360AB08,360AB,X,7,1,2,1
360AB07,360AB,X,7,1,2,1
360AB06,360AB,X,7,1,2,1
360AB05,360AB,X,7,1,2,1
360AB04,360AB,X,7,1,2,1
360AB03,360AB,X,7,1,2,1
360AB02,360AB,X,7,1,2,1
358AF09,358AF,3,5,5,2,1
358AF08,358AF,4,5,5,2,1
358AF07,358AF,4,5,5,2,1
358AF06,358AF,4,5,5,2,1
358AF05,358AF,4,5,5,2,1
358AF04,358AF,4,5,5,2,1
358AF03,358AF,4,5,5,2,1
358AF02,358AF,4,5,5,2,1
359AA02,359AA,2,5,5,2,1
359AA01,359AA,2,5,5,2,1
359AA05,359AA,1,5,5,2,1
359AA03,359AA,2,5,5,2,1
201AK01,201AK,2,6,2,3,1
101AA11,101AA,2,5,1,2,1
940AA03,940AA,3,5,1,1,1
944AA03,944AA,3,5,1,1,1
940AA01,940AA,6,7,1,1,1
940AA05,940AA,6,7,1,1,1
942AE05,942AE,2,5,1,1,1
374AC02,374AC,2,6,2,3,1
372AK05,372AK,2,6,2,3,1
372AK04,372AK,2,6,2,3,1
372AK03,372AK,2,6,2,3,1
372AK02,372AK,2,6,2,3,1
372AK01,372AK,2,6,2,3,1
372AI02,372AI,2,6,2,3,1
372AI01,372AI,2,6,2,3,1
372AG16,372AG,2,6,2,3,1
372AG15,372AG,2,6,2,3,1
372AG14,372AG,2,5,2,3,1
372AG13,372AG,X,6,2,3,1
372AG12,372AG,X,6,2,3,1
372AG11,372AG,2,5,2,3,1
372AG10,372AG,2,5,2,3,1
372AG09,372AG,2,6,2,3,1
372AG08,372AG,2,5,2,3,1
372AG07,372AG,X,6,2,3,1
372AG06,372AG,X,6,2,3,1
372AG05,372AG,2,6,2,3,1
372AG04,372AG,2,5,2,3,1
372AG03,372AG,2,6,2,3,1
372AG02,372AG,2,6,2,3,1
372AG01,372AG,2,5,2,3,1
372AE02,372AE,X,6,2,3,1
372AC19,372AC,2,5,2,3,1
372AC08,372AC,X,6,2,3,1
372AC07,372AC,2,6,2,3,1
372AC06,372AC,2,5,2,3,1
372AC05,372AC,2,6,2,3,1
372AC04,372AC,2,6,2,3,1
372AC03,372AC,2,6,2,3,1
372AC02,372AC,2,6,2,3,1
372AC01,372AC,2,6,2,3,1
372AA20,372AA,2,6,2,3,1
372AA18,372AA,2,5,2,3,1
372AA15,372AA,2,5,2,3,1
372AA14,372AA,2,5,2,3,1
372AA13,372AA,2,5,2,3,1
372AA12,372AA,2,6,2,3,1
372AA11,372AA,2,5,2,3,1
372AA10,372AA,2,5,2,3,1
372AA04,372AA,2,6,2,3,1
372AA02,372AA,2,5,2,3,1
201AE03,201AE,2,6,2,3,1
201AA03,201AA,2,6,2,3,1
201AI05,201AI,2,5,2,3,1
201AG08,201AG,2,5,2,3,1
201AE08,201AE,2,5,2,3,1
201AG02,201AG,2,5,2,3,1
201AE01,201AE,2,5,2,3,1
201AI07,201AI,2,6,2,3,1
201AG03,201AG,2,5,2,3,1
201AE04,201AE,2,5,2,3,1
201AI04,201AI,2,5,2,3,1
201AI06,201AI,2,6,2,3,1
201AI01,201AI,2,5,2,3,1
201AE09,201AE,2,5,2,3,1
201AI12,201AI,2,5,2,3,1
201AI09,201AI,2,5,2,3,1
201AE06,201AE,2,5,2,3,1
201AI03,201AI,2,5,2,3,1
201AG07,201AG,2,5,2,3,1
201AG01,201AG,2,5,2,3,1
201AI13,201AI,2,5,2,3,1
201AI10,201AI,2,5,2,3,1
201AI08,201AI,2,6,2,3,1
201AE10,201AE,2,6,2,3,1
201AE05,201AE,2,5,2,3,1
203AA03,203AA,2,5,2,3,1
201AI11,201AI,2,6,2,3,1
201AE11,201AE,2,5,2,3,1
203AA02,203AA,2,5,2,3,1
201AE07,201AE,2,5,2,3,1
201AI02,201AI,2,6,2,3,1
942AE03,942AE,2,5,1,1,1
113CR01,113CR,2,5,1,2,1
186AA01,186AA,2,7,2,3,1
201AE13,201AE,2,5,2,3,1
201AC01,201AC,2,6,2,3,1
203AC09,203AC,2,6,2,3,1
203AC04,203AC,2,6,2,3,1
203AC08,203AC,2,6,2,3,1
201AE18,201AE,2,6,2,3,1
201AE15,201AE,2,5,2,3,1
203AC06,203AC,2,6,2,3,1
201AG12,201AG,2,6,2,3,1
201AG13,201AG,2,6,2,3,1
203AC05,203AC,2,6,2,3,1
181AC01,181AC,2,7,2,3,1
201AM01,201AM,2,7,2,3,1
181AE01,181AE,2,6,2,3,1
201AE17,201AE,2,6,2,3,1
175AC01,175AC,2,6,2,3,1
203AC01,203AC,2,6,2,3,1
141AI05,141AI,3,5,2,2,1
141AI01,141AI,3,5,2,2,1
139AF05,139AF,3,5,2,2,1
139AE01,139AE,3,5,3,2,1
137AB03,137AB,X,7,1,2,1
135AE05,135AE,3,6,2,2,1
135AE03,135AE,3,6,4,2,1
135AE01,135AE,3,6,2,2,1
123AG05,123AG,3,5,1,2,1
121AD30,121AD,3,5,9,2,1
121AD20,121AD,3,5,4,2,1
121AD08,121AD,3,5,4,2,1
121AD07,121AD,3,5,4,2,1
121AD05,121AD,3,5,4,2,1
121AD11,121AD,3,5,4,2,1
113AD01,113AD,2,5,1,2,1
113AC09,113AC,2,5,2,2,1
113AC11,113AC,2,5,1,2,1
113AB03,113AB,X,7,1,2,1
101AA03,101AA,X,6,1,2,1
936AC01,936AC,2,5,1,1,1
404AN06,404AN,2,6,2,4,1
404AN05,404AN,2,5,5,4,1
404AN04,404AN,2,6,2,4,1
402AO06,402AO,2,6,2,4,1
402AO05,402AO,2,5,1,4,1
402AO04,402AO,X,7,1,4,1
402AO03,402AO,2,5,5,4,1
402AO02,402AO,X,7,1,4,1
402AO01,402AO,2,5,5,4,1
402AK02,402AK,2,5,5,4,1
400AG02,400AG,2,6,2,4,1
400AG01,400AG,2,6,1,4,1
400AF06,400AF,2,6,2,4,1
400AF04,400AF,X,7,1,4,1
400AF03,400AF,2,6,1,4,1
400AD03,400AD,X,7,1,4,1
366AA01,366AA,1,6,8,2,1
364AA01,364AA,2,7,1,2,1
362AA03,362AA,1,5,8,2,1
362AA02,362AA,X,7,1,2,1
362AA01,362AA,1,5,8,2,1
360AA07,360AA,2,7,1,2,1
356AA02,356AA,X,7,1,2,1
352AA01,352AA,1,5,5,2,1
350AA01,350AA,1,6,8,2,1
348AG02,348AG,1,5,4,2,1
348AG01,348AG,2,6,2,2,1
346AA05,346AA,X,6,5,2,1
340AA02,340AA,1,5,4,2,1
340AA01,340AA,2,6,2,2,1
338AA01,338AA,2,7,1,2,1
334AH01,334AH,1,5,4,2,1
334AE01,334AE,X,7,1,2,1
334AA01,334AA,1,6,4,2,1
330AA01,330AA,X,7,1,2,1
326AA05,326AA,3,6,1,2,1
326AA01,326AA,X,7,1,2,1
324AA01,324AA,1,5,8,2,1
322AA01,322AA,X,7,1,2,1
320AA01,320AA,1,5,4,2,1
318AA03,318AA,3,6,1,2,1
318AA01,318AA,X,7,1,2,1
316AA01,316AA,1,5,4,2,1
312AA01,312AA,X,7,1,2,1
308AE01,308AE,2,6,1,2,1
308AC01,308AC,2,5,1,2,1
306AA01,306AA,2,5,1,2,1
948AA03,948AA,3,5,1,1,1
948AA01,948AA,6,7,1,1,1
308AA02,308AA,3,6,1,2,1
948AE01,948AE,3,5,1,1,1
948AI01,948AI,2,5,1,1,1
948AG01,948AG,2,5,1,1,1
308AA01,308AA,2,5,1,2,1
308AC03,308AC,3,5,1,2,1
308AC05,308AC,3,5,1,2,1
312AA03,312AA,X,7,1,2,1
312AA05,312AA,3,6,1,2,1
358AG01,358AG,1,5,5,2,1
344AA02,344AA,1,5,4,2,1
334AC05,334AC,1,5,1,2,1
330AA03,330AA,3,6,1,2,1
322AA03,322AA,3,6,1,2,1
306AA02,306AA,2,6,1,2,1
362AG01,362AG,1,5,8,2,1
358AE05,358AE,X,7,1,2,1
358AE01,358AE,1,5,5,2,1
358AE03,358AE,1,5,5,2,1
356AA01,356AA,X,7,1,2,1
352AC01,352AC,2,5,5,2,1
350AA03,350AA,X,7,1,2,1
348AE03,348AE,3,5,1,2,1
348AE01,348AE,1,5,1,2,1
348AC01,348AC,2,7,1,2,1
348AA03,348AA,1,5,8,2,1
348AA02,348AA,X,6,5,2,1
348AA01,348AA,1,5,8,2,1
346AA03,346AA,X,6,5,2,1
344AA01,344AA,1,5,4,2,1
334AG02,334AG,1,5,4,2,1
330AA02,330AA,X,7,1,2,1
328AA01,328AA,1,5,4,2,1
308AC04,308AC,X,7,1,2,1
101AA13,101AA,X,6,1,2,1
358AA01,358AA,2,7,1,2,1
356AB01,356AB,1,5,5,2,1
334AG03,334AG,1,5,1,2,1
358AE07,358AE,1,5,5,2,1
334AC03,334AC,1,6,1,2,1
328AA02,328AA,3,5,1,2,1
306AA03,306AA,2,6,1,2,1
946AA05,946AA,3,5,1,1,1
946AA07,946AA,3,5,1,1,1
946AC01,946AC,2,5,1,1,1
334AG01,334AG,1,5,1,2,1
326AA03,326AA,5,5,5,2,1
324AA03,324AA,2,5,5,2,1
308AC02,308AC,X,7,1,2,1
944AA01,944AA,6,7,1,1,1
942AE01,942AE,3,5,1,1,1
942AA01,942AA,3,5,1,1,1
342AA03,342AA,2,5,1,2,1
372AC11,372AC,X,6,2,3,1
372AC10,372AC,2,6,2,3,1
368AA01,368AA,1,6,4,2,1
942AC01,942AC,2,5,1,1,1
374AC05,374AC,2,6,2,3,1
374AC04,374AC,2,5,2,3,1
374AC03,374AC,2,6,2,3,1
374AA01,374AA,2,6,2,3,1
372AM01,372AM,2,6,2,3,1
362AF01,362AF,3,5,1,2,1
362AE03,362AE,2,5,4,2,1
362AE01,362AE,2,5,4,2,1
360AB01,360AB,X,7,1,2,1
358AF01,358AF,3,5,5,2,1
358AD01,358AD,2,5,2,2,1
342AA01,342AA,2,5,1,2,1
201AI14,201AI,2,6,2,3,1
201AI15,201AI,2,6,2,3,1
201AA01,201AA,2,6,2,3,1
141AK01,141AK,3,5,2,2,1
141AI03,141AI,3,5,2,2,1
141AB99,141AB,X,7,1,2,1
139AE05,139AE,3,5,3,2,1
139AE03,139AE,3,5,3,2,1
137AC01,137AC,X,7,1,2,1
135AG01,135AG,X,7,1,2,1
119AE03,119AE,X,7,1,2,1
113AC13,113AC,2,5,1,2,1
113AB01,113AB,X,7,1,2,1
372AA17,372AA,2,6,2,3,1
372AA16,372AA,2,6,2,3,1
372AA09,372AA,2,6,2,3,1
372AA01,372AA,2,6,2,3,1
332AA03,332AA,3,6,1,2,1
156AA02,156AA,3,5,4,5,1
201AA07,201AA,2,6,2,3,1
201AE16,201AE,2,5,2,3,1
203AA01,203AA,2,5,2,3,1
201AG04,201AG,2,5,2,3,1
203AA07,203AA,2,6,2,3,1
201AG11,201AG,2,5,2,3,1
201AA05,201AA,2,6,2,3,1
201AG10,201AG,2,6,2,3,1
201AG05,201AG,2,5,2,3,1
201AE14,201AE,2,5,2,3,1
203AA05,203AA,2,6,2,3,1
203AE05,203AE,2,6,2,3,1
201AE12,201AE,2,5,2,3,1
201AG06,201AG,2,6,2,3,1
201AG09,201AG,2,5,2,3,1
201AE02,201AE,2,6,2,3,1
143AB99,143AB,3,6,1,2,1
143AD99,143AD,3,5,1,2,1
141AG05,141AG,3,5,4,2,1
141AC01,141AC,3,6,1,2,1
139AP99,139AP,3,5,4,2,1
139AD01,139AD,1,5,4,2,1
137AB99,137AB,X,7,1,2,1
135AA57,135AA,3,6,4,2,1
123AE05,123AE,3,5,1,2,1
123AA10,123AA,X,7,1,2,1
119AE01,119AE,X,6,1,2,1
113AE01,113AE,X,6,1,2,1
404AU20,404AU,2,5,2,4,1
404AU19,404AU,2,5,2,4,1
404AU18,404AU,2,5,2,4,1
404AU17,404AU,2,5,2,4,1
404AU16,404AU,2,5,2,4,1
404AU15,404AU,2,5,2,4,1
404AU14,404AU,2,5,2,4,1
404AU13,404AU,2,5,2,4,1
404AU12,404AU,2,5,2,4,1
404AU11,404AU,2,5,2,4,1
404AU08,404AU,2,6,2,4,1
404AU07,404AU,2,5,5,4,1
404AU06,404AU,2,6,2,4,1
404AU05,404AU,X,7,1,4,1
404AU03,404AU,2,5,5,4,1
404AU01,404AU,2,6,2,4,1
404AT01,404AT,2,5,2,4,1
404AQ03,404AQ,2,5,2,4,1
404AP03,404AP,2,6,2,4,1
404AP02,404AP,2,6,2,4,1
404AP01,404AP,X,7,1,4,1
404AO03,404AO,2,6,2,4,1
404AO02,404AO,2,5,2,4,1
404AO01,404AO,X,7,1,4,1
404AL04,404AL,2,5,2,4,1
404AL03,404AL,2,5,2,4,1
404AL02,404AL,2,6,2,4,1
404AL01,404AL,2,6,2,4,1
404AJ11,404AJ,2,5,2,4,1
402AR15,402AR,2,7,4,4,1
402AR14,402AR,2,5,5,4,1
402AR12,402AR,2,5,5,4,1
402AR11,402AR,2,5,5,4,1
404AJ09,404AJ,2,6,2,4,1
404AJ08,404AJ,2,5,2,4,1
404AJ06,404AJ,2,5,2,4,1
404AJ05,404AJ,2,5,2,4,1
404AJ04,404AJ,2,6,2,4,1
404AJ03,404AJ,2,6,2,4,1
404AJ02,404AJ,2,5,5,4,1
404AJ01,404AJ,2,5,5,4,1
404AG03,404AG,2,6,2,4,1
404AG02,404AG,2,5,2,4,1
404AG01,404AG,2,6,2,4,1
404AF01,404AF,2,5,2,4,1
404AE14,404AE,2,5,2,4,1
404AE13,404AE,2,6,2,4,1
404AE12,404AE,2,5,2,4,1
404AE11,404AE,2,5,2,4,1
404AE10,404AE,2,5,2,4,1
404AE09,404AE,2,6,2,4,1
404AE08,404AE,2,6,2,4,1
404AE07,404AE,2,6,2,4,1
404AE06,404AE,2,5,5,4,1
404AE04,404AE,2,5,5,4,1
404AE03,404AE,X,7,1,4,1
404AE02,404AE,X,7,1,4,1
404AE01,404AE,2,6,2,4,1
404AD04,404AD,2,5,2,4,1
404AD03,404AD,2,5,2,4,1
404AD02,404AD,2,6,2,4,1
404AD01,404AD,2,6,2,4,1
404AC03,404AC,2,6,2,4,1
404AC02,404AC,2,5,5,4,1
404AC01,404AC,X,7,1,4,1
404AA01,404AA,2,5,2,4,1
402AU04,402AU,X,7,1,4,1
402AU03,402AU,2,5,5,4,1
402AU02,402AU,2,6,2,4,1
402AU01,402AU,2,5,5,4,1
402AS08,402AS,X,7,1,4,1
402AS07,402AS,2,5,5,4,1
402AS06,402AS,X,7,1,4,1
402AS05,402AS,2,5,5,4,1
402AS04,402AS,3,5,4,4,1
402AS03,402AS,2,5,5,4,1
402AS02,402AS,2,5,1,4,1
402AS01,402AS,2,6,1,4,1
402AR03,402AR,X,7,1,4,1
402AQ06,402AQ,2,5,5,4,1
402AQ05,402AQ,X,7,1,4,1
402AQ04,402AQ,2,5,5,4,1
402AQ03,402AQ,X,7,1,4,1
402AQ02,402AQ,2,5,5,4,1
402AQ01,402AQ,2,6,2,4,1
402AM08,402AM,X,7,1,4,1
402AM07,402AM,2,6,4,4,1
402AM06,402AM,2,5,5,4,1
402AM05,402AM,2,5,1,4,1
402AM04,402AM,2,6,1,4,1
402AM03,402AM,2,6,1,4,1
402AM02,402AM,2,6,1,4,1
402AM01,402AM,X,7,1,4,1
402AL08,402AL,X,7,1,4,1
402AL07,402AL,2,6,4,4,1
402AL06,402AL,2,5,5,4,1
402AL05,402AL,2,5,1,4,1
402AL04,402AL,2,6,1,4,1
402AL03,402AL,2,6,1,4,1
402AL02,402AL,2,6,1,4,1
402AL01,402AL,X,7,1,4,1
402AJ07,402AJ,2,5,5,4,1
402AJ06,402AJ,X,7,1,4,1
402AJ05,402AJ,2,5,5,4,1
402AJ04,402AJ,X,7,1,4,1
402AJ03,402AJ,2,5,5,4,1
402AJ02,402AJ,X,7,1,4,1
402AJ01,402AJ,2,5,5,4,1
402AI10,402AI,2,6,2,4,1
402AI09,402AI,2,5,5,4,1
402AI08,402AI,X,7,1,4,1
402AI07,402AI,2,5,5,4,1
402AI06,402AI,X,7,1,4,1
402AI05,402AI,2,5,5,4,1
402AI04,402AI,X,7,1,4,1
402AI03,402AI,2,5,5,4,1
402AI02,402AI,2,6,2,4,1
402AI01,402AI,X,7,1,4,1
402AH06,402AH,2,5,2,4,1
402AH05,402AH,X,7,1,4,1
402AH04,402AH,2,5,5,4,1
402AH03,402AH,X,7,1,4,1
402AH02,402AH,2,5,5,4,1
402AH01,402AH,2,6,2,4,1
402AF01,402AF,2,5,5,4,1
402AE08,402AE,2,5,5,4,1
402AE07,402AE,X,7,1,4,1
402AE06,402AE,2,5,5,4,1
402AE05,402AE,X,7,1,4,1
402AE04,402AE,2,5,5,4,1
402AE03,402AE,X,7,1,4,1
402AE02,402AE,2,5,5,4,1
402AE01,402AE,2,6,2,4,1
402AA09,402AA,2,5,5,4,1
402AA08,402AA,X,7,1,4,1
402AA07,402AA,2,5,5,4,1
402AA06,402AA,X,7,1,4,1
402AA05,402AA,2,5,5,4,1
402AA04,402AA,X,7,1,4,1
402AA03,402AA,2,5,5,4,1
402AA02,402AA,2,6,2,4,1
402AA01,402AA,X,7,1,4,1
400AF07,400AF,X,7,1,4,1
400AF06,400AF,2,6,2,4,1
400AF02,400AF,2,6,1,4,1
400AF01,400AF,X,7,1,4,1
400AE06,400AE,2,5,5,4,1
400AE05,400AE,X,7,1,4,1
400AE04,400AE,2,5,5,4,1
400AE03,400AE,X,7,1,4,1
400AE02,400AE,2,5,5,4,1
400AE01,400AE,2,6,2,4,1
400AC05,400AC,2,5,5,4,1
400AC04,400AC,X,7,1,4,1
400AC03,400AC,2,5,5,4,1
400AC02,400AC,X,7,1,4,1
400AC01,400AC,2,6,2,4,1
400AA04,400AA,2,5,5,4,1
400AA03,400AA,X,7,1,4,1
400AA02,400AA,2,5,5,4,1
400AA01,400AA,2,6,2,4,1
372AE03,372AE,2,6,2,3,1
372AE01,372AE,2,6,2,3,1
372AC18,372AC,2,6,2,3,1
372AC17,372AC,2,6,2,3,1
372AC16,372AC,2,6,2,3,1
372AC15,372AC,2,6,2,3,1
372AC14,372AC,2,6,2,3,1
372AC11,372AC,X,6,2,3,1
370AL04,370AL,2,6,2,3,1
370AL01,370AL,2,6,2,3,1
370AK03,370AK,2,6,2,3,1
370AK02,370AK,2,6,2,3,1
370AK01,370AK,2,6,2,3,1
691AG01,691AG,2,7,4,3,1
691AG02,691AG,2,6,4,3,1
203AK01,203AK,2,6,2,3,1
370AJ04,370AJ,2,6,2,3,1
370AJ03,370AJ,2,6,2,3,1
370AH03,370AH,2,6,2,3,1
370AH02,370AH,2,6,2,3,1
370AH01,370AH,2,6,2,3,1
370AG08,370AG,2,6,2,3,1
370AG07,370AG,2,6,2,3,1
370AG06,370AG,2,6,2,3,1
370AG05,370AG,2,6,2,3,1
370AG04,370AG,2,6,2,3,1
370AE08,370AE,2,6,2,3,1
370AE07,370AE,2,6,2,3,1
370AE06,370AE,2,6,2,3,1
370AE05,370AE,2,6,2,3,1
370AE04,370AE,2,6,2,3,1
370AE03,370AE,2,6,2,3,1
370AE02,370AE,2,6,2,3,1
370AE01,370AE,2,6,2,3,1
370AC07,370AC,2,6,2,3,1
370AC05,370AC,2,6,2,3,1
370AC04,370AC,2,6,2,3,1
370AC03,370AC,2,6,2,3,1
370AC02,370AC,2,6,2,3,1
370AC01,370AC,2,6,2,3,1
370AA10,370AA,2,6,2,3,1
370AA09,370AA,2,6,2,3,1
370AA08,370AA,2,6,2,3,1
370AA07,370AA,2,6,2,3,1
370AA06,370AA,2,6,2,3,1
370AA05,370AA,2,6,2,3,1
368AA01,368AA,1,6,4,2,1
366AC02,366AC,4,5,1,2,1
366AC01,366AC,3,5,4,2,1
366AA01,366AA,1,6,8,2,1
366AE01,366AE,3,6,1,2,1
364AA01,364AA,2,7,1,2,1
362AG01,362AG,1,5,8,2,1
362AC25,362AC,2,5,5,2,1
362AC23,362AC,3,5,8,2,1
362AC22,362AC,3,5,8,2,1
362AC20,362AC,3,5,8,2,1
362AC18,362AC,3,5,8,2,1
362AC17,362AC,3,5,8,2,1
362AC09,362AC,3,5,4,2,1
362AC08,362AC,3,5,5,2,1
362AC07,362AC,3,5,5,2,1
362AC06,362AC,3,5,5,2,1
362AC05,362AC,3,5,5,2,1
362AC04,362AC,3,5,5,2,1
362AC03,362AC,3,5,5,2,1
362AC02,362AC,3,5,3,2,1
362AC01,362AC,3,5,3,2,1
362AA03,362AA,1,5,8,2,1
362AA02,362AA,X,7,1,2,1
362AA01,362AA,1,5,8,2,1
360AD01,360AD,2,7,1,2,1
360AA07,360AA,2,7,1,2,1
358AI11,358AI,3,5,3,2,1
358AI10,358AI,3,5,8,2,1
358AI09,358AI,3,5,5,2,1
358AI08,358AI,3,5,5,2,1
358AI07,358AI,3,5,5,2,1
358AI06,358AI,3,5,5,2,1
358AI05,358AI,3,5,5,2,1
358AI04,358AI,3,5,5,2,1
358AI03,358AI,3,5,5,2,1
358AI02,358AI,3,5,3,2,1
358AI01,358AI,3,5,3,2,1
358AG01,358AG,1,5,5,2,1
358AE07,358AE,1,5,5,2,1
358AE05,358AE,X,7,1,2,1
358AE03,358AE,1,5,5,2,1
358AA01,358AA,2,7,1,2,1
356AB01,356AB,1,5,5,2,1
356AA02,356AA,X,7,1,2,1
356AA01,356AA,X,7,1,2,1
352AA01,352AA,1,5,5,2,1
350AA01,350AA,1,6,8,2,1
348AG02,348AG,1,5,4,2,1
348AG01,348AG,2,6,2,2,1
348AE01,348AE,1,5,1,2,1
348AC01,348AC,2,7,1,2,1
348AA03,348AA,1,5,8,2,1
348AA02,348AA,X,6,5,2,1
348AA01,348AA,1,5,8,2,1
346AA03,346AA,X,6,5,2,1
346AA05,346AA,X,6,5,2,1
344AA02,344AA,1,5,4,2,1
344AA01,344AA,1,5,4,2,1
342AA03,342AA,2,5,1,2,1
340AA02,340AA,1,5,4,2,1
338AA01,338AA,2,7,1,2,1
334AH01,334AH,1,5,4,2,1
334AG03,334AG,1,5,1,2,1
334AE01,334AE,X,7,1,2,1
334AC03,334AC,1,6,1,2,1
334AC05,334AC,1,5,1,2,1
334AA01,334AA,1,6,4,2,1
332AA03,332AA,3,6,1,2,1
332AA05,332AA,3,6,1,2,1
334AM00,334AM,3,6,1,2,2
330AA03,330AA,3,6,1,2,1
326AA05,326AA,3,6,1,2,1
324AA01,324AA,1,5,8,2,1
334AJ07,334AJ,3,5,3,2,1
334AJ01,334AJ,3,5,1,2,1
322AA03,322AA,3,6,1,2,1
320AA01,320AA,1,5,4,2,1
318AA03,318AA,3,6,1,2,1
316AA01,316AA,1,5,4,2,1
160AA01,160AA,3,5,4,5,1
156AA02,156AA,3,5,4,5,1
308AE01,308AE,2,6,1,2,1
308AC01,308AC,2,5,1,2,1
306AA02,306AA,2,6,1,2,1
306AA01,306AA,2,5,1,2,1
370AC08,370AC,2,6,2,3,1
370AL42,370AL,2,6,4,3,1
370AC51,370AC,2,6,2,3,1
699AD00,699AD,3,6,4,4,2
370AC50,370AC,2,7,1,3,1
370AL41,370AL,2,7,4,3,1
370AA60,370AA,2,6,2,3,1
203AI15,203AI,2,6,2,3,1
370AA63,370AA,2,7,1,3,1
565AK00,565AK,1,5,3,2,2
693AE02,693AE,2,5,5,4,1
691AA02,691AA,2,6,4,3,1
699AB08,699AB,2,6,2,3,1
691AG00,691AG,2,7,4,3,3
699AG01,699AG,2,5,2,4,1
699AD01,699AD,2,7,1,4,1
693AA01,693AA,2,6,2,3,1
691AF00,691AF,2,7,4,3,3
691AC02,691AC,2,6,4,3,1
699AH01,699AH,2,6,2,3,1
699AB01,699AB,2,5,3,2,1
699AG02,699AG,2,6,2,4,1
693AE06,693AE,2,6,2,3,1
699AB05,699AB,2,6,2,3,1
699AH02,699AH,2,7,7,3,1
699AC00,699AC,2,7,4,3,2
699AE03,699AE,2,5,2,4,1
693AE05,693AE,2,7,1,3,1
691AF01,691AF,2,7,4,3,1
693AD00,693AD,2,7,4,3,2
699AE02,699AE,2,6,2,4,1
691AE02,691AE,2,6,4,3,1
693AA02,693AA,2,7,1,3,1
699AF03,699AF,2,5,2,4,1
699AF02,699AF,2,6,2,4,1
699AB04,699AB,2,7,5,3,1
699AD04,699AD,2,6,2,4,1
691AF02,691AF,2,6,4,3,1
699AF01,699AF,2,7,1,4,1
693AB02,693AB,2,7,1,3,1
699AA01,699AA,2,6,2,3,1
699AB03,699AB,3,6,4,4,1
699AG03,699AG,2,7,1,4,1
699AA02,699AA,2,7,7,3,1
693AE04,693AE,2,6,2,3,1
699AD06,699AD,2,6,2,4,1
693AE03,693AE,2,6,1,2,1
691AE01,691AE,2,7,4,3,1
691AA01,691AA,2,7,4,3,1
699AB02,699AB,3,6,4,4,1
699AD02,699AD,2,6,2,4,1
699AD05,699AD,2,6,2,4,1
699AB06,699AB,2,6,2,3,1
699AB07,699AB,2,6,2,3,1
693AB01,693AB,2,6,2,3,1
699AE01,699AE,2,7,1,4,1
699AD03,699AD,2,6,2,4,1
691AC01,691AC,2,7,4,3,1
693AE01,693AE,2,7,1,3,1
533AH00,533AH,2,5,3,2,2
533AG02,533AG,2,5,3,2,1
533AF08,533AF,2,5,3,2,1
651AA00,651AA,3,5,3,2,2
681AA06,681AA,3,5,3,4,1
681AA05,681AA,3,5,3,4,1
681AA04,681AA,3,5,3,4,1
534AU00,534AU,3,5,3,2,2
681AA03,681AA,3,5,3,4,1
681AA01,681AA,3,5,3,4,1
681AA02,681AA,3,5,3,4,1
647AE00,647AE,1,7,1,2,2
631AF00,631AF,2,5,5,2,3
631AF01,631AF,2,5,3,2,1
561AJ00,561AJ,3,6,2,2,2
647AB00,647AB,1,5,1,2,2
681AO00,681AO,2,5,3,4,2
643AA00,643AA,3,7,4,2,2
534AS00,534AS,3,5,4,2,2
534AP00,534AP,2,5,3,2,2
691AD02,691AD,2,5,3,2,1
681AM00,681AM,2,5,3,4,2
631AA00,631AA,2,5,3,2,3
657AG00,657AG,4,6,1,2,2
657AA00,657AA,3,6,1,2,2
651AB00,651AB,3,6,1,2,2
681AB02,681AB,2,5,3,4,1
631AB00,631AB,2,5,3,2,2
681AN02,681AN,2,5,3,4,1
681AP01,681AP,2,5,3,4,1
657AF00,657AF,4,6,1,2,2
681AB01,681AB,2,7,1,4,1
657AE00,657AE,3,6,1,2,2
534AN00,534AN,1,5,2,2,2
631AA01,631AA,2,5,3,4,1
631AD00,631AD,2,5,3,2,2
657AB00,657AB,3,6,1,2,2
681AN00,681AN,3,5,5,2,3
631AC00,631AC,2,5,3,2,2
534AQ00,534AQ,2,5,3,2,2
334AK01,334AK,3,5,3,2,1
631AH00,631AH,3,5,3,2,2
657AH00,657AH,4,6,1,2,2
533AL00,533AL,2,5,3,2,2
681AB03,681AB,2,6,4,4,1
657AC00,657AC,3,6,1,2,2
681AN01,681AN,2,5,3,4,1
691AD01,691AD,2,5,3,2,1
671AA00,671AA,1,6,1,2,2
643AM00,643AM,3,6,4,2,2
643AL00,643AL,3,6,4,2,2
643AG00,643AG,3,6,4,2,2
643AK00,643AK,2,6,4,2,2
534AF00,534AF,2,5,3,2,2
643AJ00,643AJ,2,6,4,2,2
534AM00,534AM,2,5,3,2,2
643AF00,643AF,2,5,4,2,2
534AK00,534AK,2,5,3,2,2
643AB03,643AB,3,5,4,2,1
534AH00,534AH,2,5,3,2,2
534AJ00,534AJ,2,5,3,2,2
548AC00,548AC,3,6,1,2,3
533AP01,533AP,3,6,4,2,1
681AP00,681AP,4,6,5,2,3
681AG02,681AG,2,5,3,2,1
631AJ00,631AJ,3,6,4,2,2
681AG05,681AG,2,7,1,4,1
643AB01,643AB,3,5,4,2,1
671AB01,671AB,2,5,1,2,1
533AT01,533AT,2,5,3,2,1
681AJ00,681AJ,3,5,4,4,2
334AJ05,334AJ,3,5,5,2,1
643AC03,643AC,2,7,1,2,1
643AB02,643AB,3,5,4,2,1
533AP02,533AP,3,5,3,4,1
647AF01,647AF,2,5,1,2,1
631AG00,631AG,3,5,3,2,2
643AF01,643AF,3,5,3,2,1
681AE00,681AE,3,6,9,4,3
643AC01,643AC,3,6,5,2,1
681AC02,681AC,2,5,3,4,1
631AK01,631AK,2,5,3,2,1
681AQ02,681AQ,2,5,5,2,1
681AC03,681AC,2,5,3,4,1
533AP03,533AP,3,5,3,2,1
631AK00,631AK,2,6,4,2,3
681AK02,681AK,3,6,4,4,1
671AB03,671AB,2,5,1,2,1
533AT02,533AT,2,7,1,2,1
681AQ05,681AQ,2,5,9,2,1
647AF02,647AF,2,5,1,2,1
679AA00,679AA,3,7,4,2,2
643AB00,643AB,X,6,X,2,3
699AM00,699AM,2,5,3,4,2
643AN00,643AN,3,7,4,2,2
643AC02,643AC,3,6,4,2,1
681AG04,681AG,2,7,5,4,1
643AH00,643AH,3,7,1,2,2
671AB02,671AB,2,5,1,2,1
681AD02,681AD,2,5,3,4,1
681AQ04,681AQ,2,5,5,2,1
643AB04,643AB,3,5,4,2,1
681AK01,681AK,3,6,5,4,1
533AR01,533AR,2,5,3,2,1
681AQ03,681AQ,2,5,9,2,1
681AQ01,681AQ,2,5,9,2,1
681AE01,681AE,2,5,3,2,1
681AL00,681AL,3,7,4,4,3
681AG03,681AG,2,5,3,2,1
681AH00,681AH,2,5,3,4,2
681AL01,681AL,2,5,3,4,1
647AG00,647AG,2,5,1,2,2
679AB00,679AB,2,7,1,2,2
671AB04,671AB,2,5,1,2,1
681AF00,681AF,3,6,4,4,3
643AE00,643AE,3,6,4,2,2
681AD03,681AD,2,5,3,4,1
561AI00,561AI,3,6,1,2,2
681AF01,681AF,2,5,4,4,1
681AK03,681AK,3,6,5,4,1
681AD01,681AD,2,7,1,4,1
533AR02,533AR,2,5,3,2,1
643AD01,643AD,1,5,1,2,1
533AP05,533AP,2,6,4,2,1
681AC01,681AC,2,7,1,4,1
681AG01,681AG,2,5,3,2,1
643AD02,643AD,3,6,4,2,1
529AA00,529AA,1,7,1,2,2
561AG00,561AG,3,6,1,2,2
533AP00,533AP,3,5,4,2,2
647AC00,647AC,3,5,1,2,2
647AA05,647AA,1,5,1,2,1
647AA02,647AA,2,5,1,2,1
647AD01,647AD,2,6,1,2,1
647AA04,647AA,1,5,1,2,1
647AA03,647AA,2,5,1,2,1
647AD03,647AD,2,6,1,2,1
647AA01,647AA,3,5,1,2,1
948AA03,948AA,3,5,1,1,1
718BG49,718BG,2,5,1,1,1
946AE05,946AE,2,5,1,1,1
718AB01,718AB,2,5,1,1,1
718BH13,718BH,2,5,1,1,1
718BP01,718BP,2,5,1,1,1
718BP04,718BP,2,5,1,1,1
712BJ48,712BJ,2,5,1,1,1
712AZ48,712AZ,2,5,1,1,1
718BG17,718BG,2,5,1,1,1
718CB01,718CB,2,5,1,1,1
718BI05,718BI,2,5,1,1,1
712AD00,712AD,2,5,1,1,1
718BI07,718BI,2,5,1,1,1
946AE07,946AE,2,5,1,1,1
712BJ03,712BJ,2,5,1,1,1
718BG19,718BG,2,5,1,1,1
712AK00,712AK,2,5,1,1,1
718BI06,718BI,2,5,1,1,1
716DA01,716DA,2,5,1,1,1
946AE01,946AE,2,5,1,1,1
712BF23,712BF,2,5,1,1,1
718BG13,718BG,2,5,1,1,1
946AI01,946AI,2,5,1,1,1
946AK01,946AK,2,5,1,1,1
712BJ04,712BJ,2,5,1,1,1
712AJ01,712AJ,2,5,1,1,1
718BP03,718BP,2,5,1,1,1
718BI09,718BI,2,5,1,1,1
718BG21,718BG,2,5,1,1,1
718BG14,718BG,2,5,1,1,1
712LA01,712LA,2,5,1,1,1
718BG15,718BG,2,5,1,1,1
946AE13,946AE,2,5,1,1,1
946AA03,946AA,3,5,1,1,1
946AE03,946AE,2,5,1,1,1
946AE09,946AE,2,5,1,1,1
712BF05,712BF,2,5,1,1,1
718BG18,718BG,2,5,1,1,1
712AK03,712AK,2,5,1,1,1
942AA01,942AA,3,5,1,1,1
718BG48,718BG,2,5,1,1,1
712IA01,712IA,2,5,1,1,1
718BI08,718BI,2,5,1,1,1
712BF24,712BF,2,5,1,1,1
718BH11,718BH,2,5,1,1,1
718BG16,718BG,2,5,1,1,1
712AK04,712AK,2,5,1,1,1
718BH12,718BH,2,5,1,1,1
946AA05,946AA,3,5,1,1,1
718DA01,718DA,2,5,1,1,1
718BG20,718BG,2,5,1,1,1
712AJ05,712AJ,2,5,1,1,1
718BP02,718BP,2,5,1,1,1
712AJ04,712AJ,2,5,1,1,1
948AG01,948AG,2,5,1,1,1
712LA03,712LA,2,5,1,1,1
946AG01,946AG,2,5,1,1,1
718BA01,718BA,2,5,1,1,1
712AD02,712AD,2,5,1,1,1
712AD03,712AD,2,5,1,1,1
946AG03,946AG,2,5,1,1,1
712BF22,712BF,2,5,1,1,1
946AE11,946AE,2,5,1,1,1
946AC01,946AC,2,5,1,1,1
308AC05,308AC,3,5,1,2,1
312AA03,312AA,X,7,1,2,1
312AA05,312AA,3,6,1,2,1
525AH00,525AH,3,7,2,4,2
525AM00,525AM,3,7,2,4,2
525AL00,525AL,3,7,2,4,2
525AK00,525AK,3,7,2,4,2
525AF00,525AF,3,7,2,4,2
567AD04,567AD,2,5,3,2,1
567AD00,567AD,1,5,3,2,2
565AJ00,565AJ,1,5,3,2,3
565AK00,565AK,1,5,3,2,2
585AA01,585AA,1,5,3,2,1
565AJ01,565AJ,3,5,3,4,1
531AE02,531AE,2,5,3,2,1
531AE00,531AE,2,7,3,2,3
531AB01,531AB,2,5,2,2,1
531AB00,531AB,X,7,1,2,3
561AJ00,561AJ,3,6,2,2,2
534AS00,534AS,3,5,4,2,2
534AP00,534AP,2,5,3,2,2
573AF00,573AF,2,7,2,4,2
569AF00,569AF,2,5,3,2,2
561AA00,561AA,3,5,1,2,2
643AM00,643AM,3,6,4,2,2
565AL01,565AL,2,5,3,2,1
643AG00,643AG,3,6,4,2,2
567AM00,567AM,2,5,3,2,2
567AB00,567AB,2,5,3,2,2
581AB00,581AB,2,7,2,3,2
581AC00,581AC,2,7,2,3,2
561AH00,561AH,3,6,1,2,3
563AF00,563AF,3,5,1,2,2
577AG00,577AG,2,6,2,4,2
567AO00,567AO,2,5,3,2,2
577AE00,577AE,2,6,2,4,2
577AD00,577AD,2,6,2,4,2
569AD00,569AD,2,5,3,2,2
525CB00,525CB,2,7,2,3,2
565AF00,565AF,2,5,3,2,3
525BB00,525BB,2,6,2,4,2
571AE00,571AE,2,5,3,2,2
567AA00,567AA,2,5,3,2,2
569AE00,569AE,2,5,3,2,2
577AC00,577AC,2,6,2,4,2
565AL00,565AL,2,5,3,2,2
573AD00,573AD,2,7,2,4,2
525CA00,525CA,2,7,2,3,2
525BF00,525BF,2,6,2,4,2
561AD00,561AD,3,6,1,2,2
525BC00,525BC,2,6,2,4,2
573AC00,573AC,2,7,2,4,2
569AB00,569AB,2,5,3,2,2
525BD00,525BD,2,6,2,4,2
567AC00,567AC,2,5,3,2,2
561AC00,561AC,2,5,4,2,2
581AE00,581AE,2,7,2,3,2
569AC00,569AC,2,5,3,2,2
577AA00,577AA,2,7,1,2,2
561AE00,561AE,3,5,2,2,2
581AA00,581AA,2,7,2,3,2
583AA00,583AA,2,6,2,4,2
569AG00,569AG,2,5,3,2,2
571AC00,571AC,2,5,3,2,2
573AB00,573AB,2,6,2,4,2
581AD00,581AD,2,7,2,3,2
561AI00,561AI,3,6,1,2,2
583AB00,583AB,2,6,2,4,2
563AC00,563AC,3,6,1,2,2
577AF00,577AF,2,6,2,4,2
565AE00,565AE,2,5,3,2,2
565AA00,565AA,2,5,3,2,2
571AD00,571AD,2,5,3,2,2
561AB00,561AB,2,6,1,2,3
563AB00,563AB,3,6,1,2,2
525BE00,525BE,2,5,4,2,2
573AA00,573AA,2,6,2,4,2
563AE00,563AE,3,5,1,2,2
569AA00,569AA,2,5,3,2,2
577AH00,577AH,2,6,4,4,2
525BA00,525BA,2,6,2,4,2
529AA00,529AA,1,7,1,2,2
567AE04,567AE,2,5,3,2,1
567AE02,567AE,2,5,3,2,1
561AG00,561AG,3,6,1,2,2
583AC01,583AC,2,5,2,5,1
563AA01,563AA,3,5,5,2,1
567AE10,567AE,2,5,3,2,1
567AE09,567AE,2,5,3,2,1
573AF02,573AF,2,5,3,2,1
567AD03,567AD,2,5,3,2,1
571AE02,571AE,2,5,3,2,1
567AD02,567AD,2,5,3,2,1
567AE05,567AE,2,5,3,2,1
573AA01,573AA,2,5,3,2,1
567AE06,567AE,2,5,3,2,1
571AE01,571AE,2,5,3,2,1
567AC01,567AC,2,5,3,2,1
565AI02,565AI,2,5,3,2,1
561AB01,561AB,1,5,1,2,1
567AD05,567AD,2,5,3,2,1
567AE07,567AE,2,5,3,2,1
565AI03,565AI,2,5,3,2,1
565AF03,565AF,2,5,3,2,1
567AE01,567AE,2,5,3,2,1
565AK01,565AK,2,5,3,2,1
561AH01,561AH,3,5,1,2,1
567AD06,567AD,2,5,3,2,1
577AG01,577AG,2,5,3,2,1
565AL02,565AL,2,5,3,2,1
571AE04,571AE,2,5,3,2,1
573AF01,573AF,2,5,3,2,1
567AE08,567AE,2,5,3,2,1
565AF02,565AF,2,5,3,2,1
567AD01,567AD,2,5,3,2,1
565AI01,565AI,2,5,3,2,1
567AE03,567AE,2,5,3,2,1
583AC00,583AC,3,7,4,2,3
565AF01,565AF,2,5,3,2,1
561AF00,561AF,2,5,1,2,2
719CA01,719CA,2,5,1,1,1
716CA01,716CA,2,5,1,1,1
716CA03,716CA,2,5,1,1,1
712AD00,712AD,2,5,1,1,1
712ID03,712ID,2,5,1,1,1
712AK00,712AK,2,5,1,1,1
716CA05,716CA,2,5,1,1,1
716DA01,716DA,2,5,1,1,1
719CA05,719CA,2,5,1,1,1
719AB03,719AB,2,5,1,1,1
714DA07,714DA,2,5,1,1,1
712AJ01,712AJ,2,5,1,1,1
719EA01,719EA,2,5,1,1,1
712LA01,712LA,2,5,1,1,1
712ID01,712ID,2,5,1,1,1
719GA01,719GA,2,5,1,1,1
719AB01,719AB,2,5,1,1,1
712AD04,712AD,2,5,1,1,1
712AK03,712AK,2,5,1,1,1
719CA03,719CA,2,5,1,1,1
712IA01,712IA,2,5,1,1,1
716CA07,716CA,2,5,1,1,1
716DA03,716DA,2,5,1,1,1
712AK04,712AK,2,5,1,1,1
719EA05,719EA,2,5,1,1,1
712AJ05,712AJ,2,5,1,1,1
712AJ04,712AJ,2,5,1,1,1
716AB03,716AB,2,5,1,1,1
719EA03,719EA,2,5,1,1,1
716AB05,716AB,2,5,1,1,1
712LA03,712LA,2,5,1,1,1
712JB01,712JB,2,5,1,1,1
712AD02,712AD,2,5,1,1,1
712AD03,712AD,2,5,1,1,1
719CA07,719CA,2,5,1,1,1
716DA07,716DA,2,5,1,1,1
712AD05,712AD,2,5,1,1,1
716AB01,716AB,2,5,1,1,1
185AA01,185AA,2,7,2,3,1
181AA02,181AA,2,7,2,3,1
183AA05,183AA,2,6,2,3,1
185AA02,185AA,2,7,2,3,1
186AA01,186AA,2,7,2,3,1
362AG01,362AG,1,5,8,2,1
362AF01,362AF,3,5,1,2,1
360AA07,360AA,2,7,1,2,1
358AE01,358AE,1,5,5,2,1
358AD01,358AD,2,5,2,2,1
356AA01,356AA,X,7,1,2,1
352AC01,352AC,2,5,5,2,1
175AC05,175AC,2,6,2,3,1
175AC04,175AC,2,6,2,3,1
179AE02,179AE,2,5,2,3,1
183AA06,183AA,2,6,2,3,1
171AC02,171AC,2,5,4,3,1
177AA03,177AA,2,5,2,3,1
174AA01,174AA,2,5,2,3,1
175AG01,175AG,2,6,2,3,1
183AC01,183AC,2,7,2,3,1
174AA04,174AA,2,6,2,3,1
183AA02,183AA,2,7,2,3,1
179AC02,179AC,2,5,2,3,1
175AE01,175AE,2,6,2,3,1
171AC03,171AC,2,5,4,3,1
179AC01,179AC,2,5,2,3,1
179AE01,179AE,2,5,2,3,1
174AA06,174AA,2,6,2,3,1
175AA01,175AA,2,6,2,3,1
175AK01,175AK,2,6,2,3,1
175AI01,175AI,2,7,2,3,1
183AE01,183AE,2,7,2,3,1
181AC01,181AC,2,7,2,3,1
179AA03,179AA,2,5,2,3,1
179AA01,179AA,2,5,2,3,1
174AA05,174AA,2,6,2,3,1
177AA01,177AA,2,5,2,3,1
175AE03,175AE,2,6,2,3,1
174AA07,174AA,2,6,2,3,1
201AM01,201AM,2,7,2,3,1
183AA04,183AA,2,7,2,3,1
183AA01,183AA,2,7,2,3,1
179AA05,179AA,2,5,2,3,1
181AE01,181AE,2,6,2,3,1
183AA03,183AA,2,7,2,3,1
175AC01,175AC,2,6,2,3,1
163AA02,163AA,2,5,4,3,1
181AA01,181AA,2,6,2,3,1
173AA01,173AA,2,5,2,3,1
143AB99,143AB,3,6,1,2,1
141AI01,141AI,3,5,2,2,1
141AG04,141AG,3,5,4,2,1
141AC01,141AC,3,6,1,2,1
141AB03,141AB,X,7,1,2,1
141AB99,141AB,X,7,1,2,1
139AP14,139AP,3,5,3,2,1
139AP99,139AP,3,5,4,2,1
139AP12,139AP,3,5,1,2,1
139AF05,139AF,3,5,2,2,1
139AF03,139AF,X,6,1,2,1
139AF01,139AF,3,5,3,2,1
139AD01,139AD,1,5,4,2,1
137AB21,137AB,X,6,1,2,1
137AB19,137AB,X,6,1,2,1
137AB17,137AB,X,6,1,2,1
137AB15,137AB,X,7,1,2,1
137AB13,137AB,3,5,1,2,1
137AB11,137AB,X,7,1,2,1
137AB09,137AB,3,5,1,2,1
137AB05,137AB,X,6,1,2,1
137AB03,137AB,X,7,1,2,1
137AB99,137AB,X,7,1,2,1
135AA65,135AA,3,5,1,2,1
135AA61,135AA,3,5,5,2,1
135AA57,135AA,3,6,4,2,1
135AA51,135AA,3,5,4,2,1
127AA99,127AA,3,5,1,2,1
125AA01,125AA,X,7,1,2,1
123BA01,123BA,X,7,1,2,1
123AG05,123AG,3,5,1,2,1
123AC05,123AC,3,5,1,2,1
123AE05,123AE,3,5,1,2,1
123AB05,123AB,3,5,2,2,1
123AC07,123AC,3,5,4,2,1
123AB03,123AB,X,7,2,2,1
123AC03,123AC,X,7,1,2,1
123AC01,123AC,3,5,1,2,1
123AB01,123AB,3,5,2,2,1
123AA10,123AA,X,7,1,2,1
123AH01,123AH,3,5,1,2,1
121AB30,121AB,3,5,9,2,1
121AA30,121AA,2,5,9,2,1
121AD30,121AD,3,5,9,2,1
121AD20,121AD,3,5,4,2,1
121AD08,121AD,3,5,4,2,1
121AD05,121AD,3,5,4,2,1
121AD11,121AD,3,5,4,2,1
121AB11,121AB,3,5,4,2,1
121AB07,121AB,3,5,4,2,1
121AB05,121AB,3,5,4,2,1
121AA11,121AA,3,5,4,2,1
121AA07,121AA,3,5,4,2,1
121AA05,121AA,3,5,4,2,1
121AA01,121AA,3,5,4,2,1
121AF03,121AF,X,6,1,2,1
121AF01,121AF,3,5,1,2,1
119AE01,119AE,X,6,1,2,1
113AF05,113AF,2,6,1,2,1
113AF03,113AF,X,6,1,2,1
113AF01,113AF,2,5,1,2,1
113AD01,113AD,2,5,1,2,1
113AC09,113AC,2,5,2,2,1
113AC15,113AC,2,5,3,2,1
113AJ01,113AJ,X,7,1,2,1
104AC10,104AC,2,6,1,2,1
104AC08,104AC,2,5,1,2,1
104AB01,104AB,2,5,1,2,1
101AA13,101AA,X,6,1,2,1
101AA03,101AA,X,6,1,2,1
101AA01,101AA,2,5,1,2,1
930FA01,930FA,2,5,1,1,1
930DA03,930DA,2,5,1,1,1
938AC01,938AC,2,5,1,1,1
937AF01,937AF,2,5,1,1,1
937AB03,937AB,2,5,1,1,1
937AB01,937AB,2,5,1,1,1
