CODE_BSS,DATE,PROFONDEUR
10402X0177/JOURDA,2021-10-15,1.9096525319592188
10402X0177/JOURDA,2021-10-16,1.8130445295203752
10402X0177/JOURDA,2021-10-17,1.8677574465325264
10402X0177/JOURDA,2021-10-18,1.9811649675861167
10402X0177/JOURDA,2021-10-19,1.873873932720777
10402X0177/JOURDA,2021-10-20,1.6220522715775
10402X0177/JOURDA,2021-10-21,1.6804795594443824
10402X0177/JOURDA,2021-10-22,2.0811929673486294
10402X0177/JOURDA,2021-10-23,1.242126111251266
10402X0177/JOURDA,2021-10-24,1.194266953988208
10402X0177/JOURDA,2021-10-25,1.1859156352297615
10402X0177/JOURDA,2021-10-26,1.0074189373678768
10402X0177/JOURDA,2021-10-27,1.0902886327145305
10402X0177/JOURDA,2021-10-28,1.149948685266912
10402X0177/JOURDA,2021-10-29,1.1199212190960697
10402X0177/JOURDA,2021-10-30,0.9867592008660532
10402X0177/JOURDA,2021-10-31,1.113098036786755
10402X0177/JOURDA,2021-11-01,1.0317364081607183
10402X0177/JOURDA,2021-11-02,0.8880550151071429
10402X0177/JOURDA,2021-11-03,1.0026549512349792
10402X0177/JOURDA,2021-11-04,0.948969898538678
10402X0177/JOURDA,2021-11-05,0.9188997710601036
10402X0177/JOURDA,2021-11-06,0.9279212716429714
10402X0177/JOURDA,2021-11-07,0.9478205650806156
10402X0177/JOURDA,2021-11-08,0.9447420158344724
10402X0177/JOURDA,2021-11-09,0.8859688141127773
10402X0177/JOURDA,2021-11-10,0.7808463081595565
10402X0177/JOURDA,2021-11-11,0.848495583740225
10402X0177/JOURDA,2021-11-12,0.8071246229513835
10402X0177/JOURDA,2021-11-13,0.9257867351767912
10402X0177/JOURDA,2021-11-14,0.5713918964486226
10402X0177/JOURDA,2021-11-15,0.8155478144548762
10402X0177/JOURDA,2021-11-16,0.6621459478651479
10402X0177/JOURDA,2021-11-17,0.7991454873259101
10402X0177/JOURDA,2021-11-18,0.7221157677455936
10402X0177/JOURDA,2021-11-19,0.6364232808449639
10402X0177/JOURDA,2021-11-20,0.6344869198132237
10402X0177/JOURDA,2021-11-21,0.6793102942149831
10402X0177/JOURDA,2021-11-22,0.5502413447536547
10402X0177/JOURDA,2021-11-23,0.5999106654361714
10402X0177/JOURDA,2021-11-24,0.6300997402062549
10402X0177/JOURDA,2021-11-25,0.6578136185109775
10402X0177/JOURDA,2021-11-26,0.5751244456438407
10402X0177/JOURDA,2021-11-27,0.6410449925673465
10402X0177/JOURDA,2021-11-28,0.5906865761801328
10402X0177/JOURDA,2021-11-29,0.6101817430425611
10402X0177/JOURDA,2021-11-30,0.5642729220672247
10402X0177/JOURDA,2021-12-01,0.5916753518100806
10402X0177/JOURDA,2021-12-02,0.496714853420328
10402X0177/JOURDA,2021-12-03,0.564305495972143
10402X0177/JOURDA,2021-12-04,0.541261244553167
10402X0177/JOURDA,2021-12-05,0.5676822540639601
10402X0177/JOURDA,2021-12-06,0.3852933948727561
10402X0177/JOURDA,2021-12-07,0.4925145009196345
10402X0177/JOURDA,2021-12-08,0.5779644698442894
10402X0177/JOURDA,2021-12-09,0.5999131872868748
10402X0177/JOURDA,2021-12-10,0.3258888898583167
10402X0177/JOURDA,2021-12-11,0.3382831556027215
10402X0177/JOURDA,2021-12-12,0.5387734388342893
10402X0177/JOURDA,2021-12-13,0.587909598247268
10402X0177/JOURDA,2021-12-14,0.5501413113424207
10402X0177/JOURDA,2021-12-15,0.5052752756329291
10402X0177/JOURDA,2021-12-16,0.5592100966259772
10402X0177/JOURDA,2021-12-17,0.4154723822400261
10402X0177/JOURDA,2021-12-18,0.4342204508315803
10402X0177/JOURDA,2021-12-19,0.4311286618692445
10402X0177/JOURDA,2021-12-20,0.4876347198086068
10402X0177/JOURDA,2021-12-21,0.5359245881563783
10402X0177/JOURDA,2021-12-22,0.4255072464971996
10402X0177/JOURDA,2021-12-23,0.4710567037473057
10402X0177/JOURDA,2021-12-24,0.5257617399760086
10402X0177/JOURDA,2021-12-25,0.3837075710887849
10402X0177/JOURDA,2021-12-26,0.557727038258168
10402X0177/JOURDA,2021-12-27,0.2853392117818742
10402X0177/JOURDA,2021-12-28,0.6018993548700067
10402X0177/JOURDA,2021-12-29,0.3759802002251984
10402X0177/JOURDA,2021-12-30,0.5907920736012238
10402X0177/JOURDA,2021-12-31,0.527026868412201
10402X0177/JOURDA,2022-01-01,0.503697017401068
10402X0177/JOURDA,2022-01-02,0.5338480542563757
10402X0177/JOURDA,2022-01-03,0.5649029644346175
10402X0177/JOURDA,2022-01-04,0.5498731545509621
10402X0177/JOURDA,2022-01-05,0.577016043825596
10402X0177/JOURDA,2022-01-06,0.5421083762352752
10402X0177/JOURDA,2022-01-07,0.519593923618233
10402X0177/JOURDA,2022-01-08,0.5042507737846837
10402X0177/JOURDA,2022-01-09,0.4953694460700784
10402X0177/JOURDA,2022-01-10,0.6210225487536878
10402X0177/JOURDA,2022-01-11,0.4940624969430551
10402X0177/JOURDA,2022-01-12,0.4479283906382174
10402X0177/JOURDA,2022-01-13,0.5774182790127838
10402X0177/JOURDA,2022-01-14,0.7052954438625432
10402X0177/JOURDA,2022-01-15,0.7069386397500161
09654X0569/CNRP20,2021-10-15 00:00:00,3.787083264316752
09654X0569/CNRP20,2021-10-16 00:00:00,3.735961598788448
09654X0569/CNRP20,2021-10-17 00:00:00,3.779614014864512
09654X0569/CNRP20,2021-10-18 00:00:00,3.7422861339236415
09654X0569/CNRP20,2021-10-19 00:00:00,3.791032083013212
09654X0569/CNRP20,2021-10-20 00:00:00,3.615695224097429
09654X0569/CNRP20,2021-10-21 00:00:00,3.649661549932989
09654X0569/CNRP20,2021-10-22 00:00:00,3.695920447984028
09654X0569/CNRP20,2021-10-23 00:00:00,3.654130608113501
09654X0569/CNRP20,2021-10-24 00:00:00,3.7431870208805407
09654X0569/CNRP20,2021-10-25 00:00:00,3.8716914380546648
09654X0569/CNRP20,2021-10-26 00:00:00,3.249085921567047
09654X0569/CNRP20,2021-10-27 00:00:00,3.227669316373329
09654X0569/CNRP20,2021-10-28 00:00:00,3.214205547242104
09654X0569/CNRP20,2021-10-29 00:00:00,3.236222956452058
09654X0569/CNRP20,2021-10-30 00:00:00,3.242676893381641
09654X0569/CNRP20,2021-10-31 00:00:00,3.179015757253462
09654X0569/CNRP20,2021-11-01 00:00:00,3.2042162631532567
09654X0569/CNRP20,2021-11-02 00:00:00,3.165701471224524
09654X0569/CNRP20,2021-11-03 00:00:00,3.1778920016798127
09654X0569/CNRP20,2021-11-04 00:00:00,3.203410378530842
09654X0569/CNRP20,2021-11-05 00:00:00,3.1968347173674863
09654X0569/CNRP20,2021-11-06 00:00:00,3.1397931141776136
09654X0569/CNRP20,2021-11-07 00:00:00,3.119442672882064
09654X0569/CNRP20,2021-11-08 00:00:00,3.137318666303524
09654X0569/CNRP20,2021-11-09 00:00:00,3.229790397041905
09654X0569/CNRP20,2021-11-10 00:00:00,3.12828522854056
09654X0569/CNRP20,2021-11-11 00:00:00,3.1666915375348688
09654X0569/CNRP20,2021-11-12 00:00:00,3.208428192849126
09654X0569/CNRP20,2021-11-13 00:00:00,3.2017989283534667
09654X0569/CNRP20,2021-11-14 00:00:00,3.153055791045837
09654X0569/CNRP20,2021-11-15 00:00:00,3.189520415047686
09654X0569/CNRP20,2021-11-16 00:00:00,3.166319504883286
09654X0569/CNRP20,2021-11-17 00:00:00,3.117213747413971
09654X0569/CNRP20,2021-11-18 00:00:00,3.130444038935594
09654X0569/CNRP20,2021-11-19 00:00:00,3.2030164099917835
09654X0569/CNRP20,2021-11-20 00:00:00,3.1273900050309726
09654X0569/CNRP20,2021-11-21 00:00:00,3.163618279816132
09654X0569/CNRP20,2021-11-22 00:00:00,3.126603104922082
09654X0569/CNRP20,2021-11-23 00:00:00,3.1145630945383065
09654X0569/CNRP20,2021-11-24 00:00:00,3.1177396503453365
09654X0569/CNRP20,2021-11-25 00:00:00,3.140843404469936
09654X0569/CNRP20,2021-11-26 00:00:00,3.1451460290896582
09654X0569/CNRP20,2021-11-27 00:00:00,3.1236621804299696
09654X0569/CNRP20,2021-11-28 00:00:00,3.1614769383642143
09654X0569/CNRP20,2021-11-29 00:00:00,3.1583170538316656
09654X0569/CNRP20,2021-11-30 00:00:00,3.1806504195881296
09654X0569/CNRP20,2021-12-01 00:00:00,3.1405122124524896
09654X0569/CNRP20,2021-12-02 00:00:00,3.16610301761562
09654X0569/CNRP20,2021-12-03 00:00:00,3.167905270130599
09654X0569/CNRP20,2021-12-04 00:00:00,3.1854102678697025
09654X0569/CNRP20,2021-12-05 00:00:00,3.1774193032464333
09654X0569/CNRP20,2021-12-06 00:00:00,3.19458816342255
09654X0569/CNRP20,2021-12-07 00:00:00,3.119836641421122
09654X0569/CNRP20,2021-12-08 00:00:00,3.1377087262662684
09654X0569/CNRP20,2021-12-09 00:00:00,3.174384253855336
09654X0569/CNRP20,2021-12-10 00:00:00,3.135211863903522
09654X0569/CNRP20,2021-12-11 00:00:00,3.1717634337866376
09654X0569/CNRP20,2021-12-12 00:00:00,3.147201461629536
09654X0569/CNRP20,2021-12-13 00:00:00,3.220792854367537
09654X0569/CNRP20,2021-12-14 00:00:00,3.190306198420487
09654X0569/CNRP20,2021-12-15 00:00:00,3.177548126731062
09654X0569/CNRP20,2021-12-16 00:00:00,3.209752243017141
09654X0569/CNRP20,2021-12-17 00:00:00,3.1639639894027445
09654X0569/CNRP20,2021-12-18 00:00:00,3.220885224395525
09654X0569/CNRP20,2021-12-19 00:00:00,3.177063862102468
09654X0569/CNRP20,2021-12-20 00:00:00,3.2469563856109347
09654X0569/CNRP20,2021-12-21 00:00:00,3.138939449203934
09654X0569/CNRP20,2021-12-22 00:00:00,3.229296480622823
09654X0569/CNRP20,2021-12-23 00:00:00,3.194220677482189
09654X0569/CNRP20,2021-12-24 00:00:00,3.2379652242856505
09654X0569/CNRP20,2021-12-25 00:00:00,3.20243993486893
09654X0569/CNRP20,2021-12-26 00:00:00,3.202967353370702
09654X0569/CNRP20,2021-12-27 00:00:00,3.249218414327399
09654X0569/CNRP20,2021-12-28 00:00:00,3.228490117399226
09654X0569/CNRP20,2021-12-29 00:00:00,3.193912458321444
09654X0569/CNRP20,2021-12-30 00:00:00,3.237087549486043
09654X0569/CNRP20,2021-12-31 00:00:00,3.278175062064756
09654X0569/CNRP20,2022-01-01 00:00:00,3.189056490969297
09654X0569/CNRP20,2022-01-02 00:00:00,3.22142484722742
09654X0569/CNRP20,2022-01-03 00:00:00,3.25566285900022
09654X0569/CNRP20,2022-01-04 00:00:00,3.200934255552618
09654X0569/CNRP20,2022-01-05 00:00:00,3.3415250276582382
09654X0569/CNRP20,2022-01-06 00:00:00,3.301694481315298
09654X0569/CNRP20,2022-01-07 00:00:00,3.3197085511775586
09654X0569/CNRP20,2022-01-08 00:00:00,3.2667459860888863
09654X0569/CNRP20,2022-01-09 00:00:00,3.3698806320787686
09654X0569/CNRP20,2022-01-10 00:00:00,3.314985076585763
09654X0569/CNRP20,2022-01-11 00:00:00,3.306065545903944
09654X0569/CNRP20,2022-01-12 00:00:00,3.3335982354766927
09654X0569/CNRP20,2022-01-13 00:00:00,3.346537896430982
09654X0569/CNRP20,2022-01-14 00:00:00,3.3305526568596067
09654X0569/CNRP20,2022-01-15 00:00:00,3.356635503920526
02581X0104/P18,2021-10-15 00:00:00,22.94949462411492
02581X0104/P18,2021-10-16 00:00:00,22.931773047398643
02581X0104/P18,2021-10-17 00:00:00,22.957660255263583
02581X0104/P18,2021-10-18 00:00:00,22.945965545020755
02581X0104/P18,2021-10-19 00:00:00,22.91772520254456
02581X0104/P18,2021-10-20 00:00:00,22.893309633132205
02581X0104/P18,2021-10-21 00:00:00,22.99777958423409
02581X0104/P18,2021-10-22 00:00:00,22.958003378233137
02581X0104/P18,2021-10-23 00:00:00,22.973583688412937
02581X0104/P18,2021-10-24 00:00:00,22.94840600330996
02581X0104/P18,2021-10-25 00:00:00,22.9597815719836
02581X0104/P18,2021-10-26 00:00:00,22.983799434645103
02581X0104/P18,2021-10-27 00:00:00,22.966228586315268
02581X0104/P18,2021-10-28 00:00:00,22.92527290039163
02581X0104/P18,2021-10-29 00:00:00,22.917681442765016
02581X0104/P18,2021-10-30 00:00:00,22.934835371724382
02581X0104/P18,2021-10-31 00:00:00,22.93118339133917
02581X0104/P18,2021-11-01 00:00:00,22.90709728144397
02581X0104/P18,2021-11-02 00:00:00,22.927413097674755
02581X0104/P18,2021-11-03 00:00:00,22.925205583345587
02581X0104/P18,2021-11-04 00:00:00,22.94194966926437
02581X0104/P18,2021-11-05 00:00:00,22.93837688753644
02581X0104/P18,2021-11-06 00:00:00,22.957262711031326
02581X0104/P18,2021-11-07 00:00:00,22.94125923153504
02581X0104/P18,2021-11-08 00:00:00,22.92802385835752
02581X0104/P18,2021-11-09 00:00:00,22.8929828915071
02581X0104/P18,2021-11-10 00:00:00,22.88252848872072
02581X0104/P18,2021-11-11 00:00:00,22.9061347195637
02581X0104/P18,2021-11-12 00:00:00,22.964585277701858
02581X0104/P18,2021-11-13 00:00:00,22.947322425866165
02581X0104/P18,2021-11-14 00:00:00,22.95596826771066
02581X0104/P18,2021-11-15 00:00:00,22.99230847416181
02581X0104/P18,2021-11-16 00:00:00,22.88854473103741
02581X0104/P18,2021-11-17 00:00:00,22.919896317336097
02581X0104/P18,2021-11-18 00:00:00,23.000524367154544
02581X0104/P18,2021-11-19 00:00:00,22.93465496284533
02581X0104/P18,2021-11-20 00:00:00,22.89835236800826
02581X0104/P18,2021-11-21 00:00:00,22.875615614216045
02581X0104/P18,2021-11-22 00:00:00,22.88393096329517
02581X0104/P18,2021-11-23 00:00:00,22.93460145397416
02581X0104/P18,2021-11-24 00:00:00,22.931306135809702
02581X0104/P18,2021-11-25 00:00:00,22.948996136024533
02581X0104/P18,2021-11-26 00:00:00,22.91379075850691
02581X0104/P18,2021-11-27 00:00:00,22.954801822967333
02581X0104/P18,2021-11-28 00:00:00,22.93687393997832
02581X0104/P18,2021-11-29 00:00:00,22.94901654730128
02581X0104/P18,2021-11-30 00:00:00,22.938385907317684
02581X0104/P18,2021-12-01 00:00:00,22.922174848981925
02581X0104/P18,2021-12-02 00:00:00,22.93373011415325
02581X0104/P18,2021-12-03 00:00:00,22.872460348998747
02581X0104/P18,2021-12-04 00:00:00,22.90754347818996
02581X0104/P18,2021-12-05 00:00:00,22.91493184110258
02581X0104/P18,2021-12-06 00:00:00,23.02484028625097
02581X0104/P18,2021-12-07 00:00:00,22.918963817429432
02581X0104/P18,2021-12-08 00:00:00,22.95509300605544
02581X0104/P18,2021-12-09 00:00:00,22.893917140800763
02581X0104/P18,2021-12-10 00:00:00,22.943738453148384
02581X0104/P18,2021-12-11 00:00:00,22.91609097250976
02581X0104/P18,2021-12-12 00:00:00,22.96342075411314
02581X0104/P18,2021-12-13 00:00:00,22.85413535631648
02581X0104/P18,2021-12-14 00:00:00,22.96419121374555
02581X0104/P18,2021-12-15 00:00:00,22.941782693314032
02581X0104/P18,2021-12-16 00:00:00,22.94415476431288
02581X0104/P18,2021-12-17 00:00:00,22.91564795478577
02581X0104/P18,2021-12-18 00:00:00,22.941268572389586
02581X0104/P18,2021-12-19 00:00:00,22.935217919860136
02581X0104/P18,2021-12-20 00:00:00,22.989146079267574
02581X0104/P18,2021-12-21 00:00:00,22.923352574893087
02581X0104/P18,2021-12-22 00:00:00,22.93074812066453
02581X0104/P18,2021-12-23 00:00:00,22.948956214590343
02581X0104/P18,2021-12-24 00:00:00,22.87494731138532
02581X0104/P18,2021-12-25 00:00:00,22.9451491395357
02581X0104/P18,2021-12-26 00:00:00,22.925455723885552
02581X0104/P18,2021-12-27 00:00:00,22.89108124441441
02581X0104/P18,2021-12-28 00:00:00,22.88858791605611
02581X0104/P18,2021-12-29 00:00:00,22.888239016409845
02581X0104/P18,2021-12-30 00:00:00,22.929051876247883
02581X0104/P18,2021-12-31 00:00:00,22.93777182524401
02581X0104/P18,2022-01-01 00:00:00,22.87879936114498
02581X0104/P18,2022-01-02 00:00:00,22.957455862382872
02581X0104/P18,2022-01-03 00:00:00,22.94732367976969
02581X0104/P18,2022-01-04 00:00:00,22.91950637580233
02581X0104/P18,2022-01-05 00:00:00,22.953929580458112
02581X0104/P18,2022-01-06 00:00:00,22.92424205229963
02581X0104/P18,2022-01-07 00:00:00,22.914930871276248
02581X0104/P18,2022-01-08 00:00:00,22.93855418077409
02581X0104/P18,2022-01-09 00:00:00,22.936188564438527
02581X0104/P18,2022-01-10 00:00:00,22.93917127670861
02581X0104/P18,2022-01-11 00:00:00,22.955868076987425
02581X0104/P18,2022-01-12 00:00:00,22.911736518358293
02581X0104/P18,2022-01-13 00:00:00,22.967566304502306
02581X0104/P18,2022-01-14 00:00:00,22.94519528226045
02581X0104/P18,2022-01-15 00:00:00,22.93534253184919
02913X0024/P,2021-10-15 00:00:00,6.140863444347684
02913X0024/P,2021-10-16 00:00:00,6.240989641563459
02913X0024/P,2021-10-17 00:00:00,6.420009048168412
02913X0024/P,2021-10-18 00:00:00,6.29485316981724
02913X0024/P,2021-10-19 00:00:00,6.305220068200916
02913X0024/P,2021-10-20 00:00:00,6.255995920975949
02913X0024/P,2021-10-21 00:00:00,6.736278404653319
02913X0024/P,2021-10-22 00:00:00,6.766206875364356
02913X0024/P,2021-10-23 00:00:00,6.860550290283193
02913X0024/P,2021-10-24 00:00:00,6.684980549282422
02913X0024/P,2021-10-25 00:00:00,6.92458125400193
02913X0024/P,2021-10-26 00:00:00,6.75363824796596
02913X0024/P,2021-10-27 00:00:00,6.855791592819262
02913X0024/P,2021-10-28 00:00:00,6.999020913809417
02913X0024/P,2021-10-29 00:00:00,6.915797002317516
02913X0024/P,2021-10-30 00:00:00,6.92283018472288
02913X0024/P,2021-10-31 00:00:00,6.855601737624497
02913X0024/P,2021-11-01 00:00:00,6.976477087542496
02913X0024/P,2021-11-02 00:00:00,6.968130521060547
02913X0024/P,2021-11-03 00:00:00,6.948427953331193
02913X0024/P,2021-11-04 00:00:00,6.897726926487783
02913X0024/P,2021-11-05 00:00:00,6.964491903551888
02913X0024/P,2021-11-06 00:00:00,6.871628735060743
02913X0024/P,2021-11-07 00:00:00,7.066580622091054
02913X0024/P,2021-11-08 00:00:00,6.91646165973379
02913X0024/P,2021-11-09 00:00:00,6.746292855590659
02913X0024/P,2021-11-10 00:00:00,6.857024173473854
02913X0024/P,2021-11-11 00:00:00,6.916343410823556
02913X0024/P,2021-11-12 00:00:00,7.079947840220022
02913X0024/P,2021-11-13 00:00:00,6.8742024554389065
02913X0024/P,2021-11-14 00:00:00,6.861708144195902
02913X0024/P,2021-11-15 00:00:00,7.143909332703997
02913X0024/P,2021-11-16 00:00:00,6.969370820741224
02913X0024/P,2021-11-17 00:00:00,7.037882432750244
02913X0024/P,2021-11-18 00:00:00,7.0758715375089
02913X0024/P,2021-11-19 00:00:00,6.879553547096191
02913X0024/P,2021-11-20 00:00:00,7.007324286592212
02913X0024/P,2021-11-21 00:00:00,6.940707120665899
02913X0024/P,2021-11-22 00:00:00,6.980675416559597
02913X0024/P,2021-11-23 00:00:00,7.005965081062911
02913X0024/P,2021-11-24 00:00:00,7.17085694546955
02913X0024/P,2021-11-25 00:00:00,7.113777375326599
02913X0024/P,2021-11-26 00:00:00,6.897568932804942
02913X0024/P,2021-11-27 00:00:00,7.056061231883555
02913X0024/P,2021-11-28 00:00:00,7.118488773226437
02913X0024/P,2021-11-29 00:00:00,7.090310550621462
02913X0024/P,2021-11-30 00:00:00,7.075922450234139
02913X0024/P,2021-12-01 00:00:00,7.01592673057714
02913X0024/P,2021-12-02 00:00:00,6.97780196804091
02913X0024/P,2021-12-03 00:00:00,7.213967049214326
02913X0024/P,2021-12-04 00:00:00,6.910235526140774
02913X0024/P,2021-12-05 00:00:00,7.050480540258899
02913X0024/P,2021-12-06 00:00:00,7.352154368059782
02913X0024/P,2021-12-07 00:00:00,7.111759260591938
02913X0024/P,2021-12-08 00:00:00,7.076066319741591
02913X0024/P,2021-12-09 00:00:00,7.065103824589909
02913X0024/P,2021-12-10 00:00:00,7.159617058082611
02913X0024/P,2021-12-11 00:00:00,7.2513657305948
02913X0024/P,2021-12-12 00:00:00,7.282443350784874
02913X0024/P,2021-12-13 00:00:00,7.25672782597012
02913X0024/P,2021-12-14 00:00:00,7.073192378519112
02913X0024/P,2021-12-15 00:00:00,7.114052796746686
02913X0024/P,2021-12-16 00:00:00,7.191001961204696
02913X0024/P,2021-12-17 00:00:00,7.099975099748727
02913X0024/P,2021-12-18 00:00:00,7.20239557217494
02913X0024/P,2021-12-19 00:00:00,7.240238836610973
02913X0024/P,2021-12-20 00:00:00,7.129835084632587
02913X0024/P,2021-12-21 00:00:00,7.259937791179181
02913X0024/P,2021-12-22 00:00:00,7.242360911845881
02913X0024/P,2021-12-23 00:00:00,7.190670700021443
02913X0024/P,2021-12-24 00:00:00,7.296152833815131
02913X0024/P,2021-12-25 00:00:00,7.277404633332124
02913X0024/P,2021-12-26 00:00:00,7.1798717825289184
02913X0024/P,2021-12-27 00:00:00,7.416070531794832
02913X0024/P,2021-12-28 00:00:00,7.509423119386668
02913X0024/P,2021-12-29 00:00:00,7.262137877847924
02913X0024/P,2021-12-30 00:00:00,7.396555191506682
02913X0024/P,2021-12-31 00:00:00,7.236867757261718
02913X0024/P,2022-01-01 00:00:00,7.370658844400029
02913X0024/P,2022-01-02 00:00:00,7.438658208699299
02913X0024/P,2022-01-03 00:00:00,7.340240626119106
02913X0024/P,2022-01-04 00:00:00,7.325711119743296
02913X0024/P,2022-01-05 00:00:00,7.343454368723911
02913X0024/P,2022-01-06 00:00:00,7.434294495442469
02913X0024/P,2022-01-07 00:00:00,7.31124960649087
02913X0024/P,2022-01-08 00:00:00,7.283581332311279
02913X0024/P,2022-01-09 00:00:00,7.329829959215184
02913X0024/P,2022-01-10 00:00:00,7.43493583154589
02913X0024/P,2022-01-11 00:00:00,7.380827593741764
02913X0024/P,2022-01-12 00:00:00,7.354051934599843
02913X0024/P,2022-01-13 00:00:00,7.476812697697684
02913X0024/P,2022-01-14 00:00:00,7.523180723154006
02913X0024/P,2022-01-15 00:00:00,7.42955567036484
00182X0031/P,2021-10-15 00:00:00,24.48767143961681
00182X0031/P,2021-10-16 00:00:00,23.84074975379972
00182X0031/P,2021-10-17 00:00:00,23.994380513841268
00182X0031/P,2021-10-18 00:00:00,23.781399762843165
00182X0031/P,2021-10-19 00:00:00,24.20717469409584
00182X0031/P,2021-10-20 00:00:00,25.38850318664793
00182X0031/P,2021-10-21 00:00:00,23.82780640846721
00182X0031/P,2021-10-22 00:00:00,24.56367251607988
00182X0031/P,2021-10-23 00:00:00,24.44035950186222
00182X0031/P,2021-10-24 00:00:00,25.197329834745336
00182X0031/P,2021-10-25 00:00:00,25.229841376897287
00182X0031/P,2021-10-26 00:00:00,27.14192259594529
00182X0031/P,2021-10-27 00:00:00,26.27599671560811
00182X0031/P,2021-10-28 00:00:00,25.883657523059863
00182X0031/P,2021-10-29 00:00:00,26.2336262524045
00182X0031/P,2021-10-30 00:00:00,26.54600203698856
00182X0031/P,2021-10-31 00:00:00,26.5776075803026
00182X0031/P,2021-11-01 00:00:00,26.66524167831086
00182X0031/P,2021-11-02 00:00:00,26.524541454530883
00182X0031/P,2021-11-03 00:00:00,26.337822832483784
00182X0031/P,2021-11-04 00:00:00,27.324108927003927
00182X0031/P,2021-11-05 00:00:00,25.058354241943565
00182X0031/P,2021-11-06 00:00:00,25.761889901165755
00182X0031/P,2021-11-07 00:00:00,25.7617399025282
00182X0031/P,2021-11-08 00:00:00,26.80394368702517
00182X0031/P,2021-11-09 00:00:00,26.11123160440357
00182X0031/P,2021-11-10 00:00:00,26.159321980317262
00182X0031/P,2021-11-11 00:00:00,25.47692075810524
00182X0031/P,2021-11-12 00:00:00,24.7477362152453
00182X0031/P,2021-11-13 00:00:00,25.71369245908675
00182X0031/P,2021-11-14 00:00:00,24.32740151726425
00182X0031/P,2021-11-15 00:00:00,24.70478960886493
00182X0031/P,2021-11-16 00:00:00,24.6051580049896
00182X0031/P,2021-11-17 00:00:00,25.029606799877733
00182X0031/P,2021-11-18 00:00:00,25.320601506582328
00182X0031/P,2021-11-19 00:00:00,24.6369153137096
00182X0031/P,2021-11-20 00:00:00,24.753710719282484
00182X0031/P,2021-11-21 00:00:00,24.417342043086364
00182X0031/P,2021-11-22 00:00:00,23.67226859860968
00182X0031/P,2021-11-23 00:00:00,24.492318393874733
00182X0031/P,2021-11-24 00:00:00,23.263333797082822
00182X0031/P,2021-11-25 00:00:00,22.92088213726948
00182X0031/P,2021-11-26 00:00:00,24.634883176690565
00182X0031/P,2021-11-27 00:00:00,23.275584215847022
00182X0031/P,2021-11-28 00:00:00,23.874313759890324
00182X0031/P,2021-11-29 00:00:00,24.20972590767216
00182X0031/P,2021-11-30 00:00:00,23.58176553372752
00182X0031/P,2021-12-01 00:00:00,22.81970673116215
00182X0031/P,2021-12-02 00:00:00,22.75981504901273
00182X0031/P,2021-12-03 00:00:00,24.08609452178798
00182X0031/P,2021-12-04 00:00:00,23.06016532445049
00182X0031/P,2021-12-05 00:00:00,23.07878070306931
00182X0031/P,2021-12-06 00:00:00,21.918417744467902
00182X0031/P,2021-12-07 00:00:00,21.49625479454171
00182X0031/P,2021-12-08 00:00:00,22.43334098259005
00182X0031/P,2021-12-09 00:00:00,23.30856165482728
00182X0031/P,2021-12-10 00:00:00,22.76629767564309
00182X0031/P,2021-12-11 00:00:00,22.728125230845784
00182X0031/P,2021-12-12 00:00:00,23.05870915393138
00182X0031/P,2021-12-13 00:00:00,20.862537582427333
00182X0031/P,2021-12-14 00:00:00,23.869718041916133
00182X0031/P,2021-12-15 00:00:00,22.2540475581172
00182X0031/P,2021-12-16 00:00:00,21.70159639231176
00182X0031/P,2021-12-17 00:00:00,22.4430815301586
00182X0031/P,2021-12-18 00:00:00,22.655899385109784
00182X0031/P,2021-12-19 00:00:00,22.36475467976764
00182X0031/P,2021-12-20 00:00:00,21.28808142037268
00182X0031/P,2021-12-21 00:00:00,20.95377774308792
00182X0031/P,2021-12-22 00:00:00,21.810049824185224
00182X0031/P,2021-12-23 00:00:00,21.26404559628838
00182X0031/P,2021-12-24 00:00:00,19.660422706240784
00182X0031/P,2021-12-25 00:00:00,21.49303856933788
00182X0031/P,2021-12-26 00:00:00,22.55189220260348
00182X0031/P,2021-12-27 00:00:00,20.797367856345844
00182X0031/P,2021-12-28 00:00:00,22.34279551526617
00182X0031/P,2021-12-29 00:00:00,21.01984640093369
00182X0031/P,2021-12-30 00:00:00,20.640388363470112
00182X0031/P,2021-12-31 00:00:00,21.715093796215967
00182X0031/P,2022-01-01 00:00:00,21.279383972870235
00182X0031/P,2022-01-02 00:00:00,21.089841524881976
00182X0031/P,2022-01-03 00:00:00,20.60066151583039
00182X0031/P,2022-01-04 00:00:00,21.098151696750115
00182X0031/P,2022-01-05 00:00:00,20.54526060561192
00182X0031/P,2022-01-06 00:00:00,20.696049341997742
00182X0031/P,2022-01-07 00:00:00,19.915267741294564
00182X0031/P,2022-01-08 00:00:00,20.465659915201208
00182X0031/P,2022-01-09 00:00:00,21.76513857133888
00182X0031/P,2022-01-10 00:00:00,20.35156059821383
00182X0031/P,2022-01-11 00:00:00,21.044930978743
00182X0031/P,2022-01-12 00:00:00,20.327272479601348
00182X0031/P,2022-01-13 00:00:00,20.562376351208865
00182X0031/P,2022-01-14 00:00:00,20.53724795754313
00182X0031/P,2022-01-15 00:00:00,19.79629426363242
06101X0202/SP1,2021-10-15 00:00:00,5.302405609107607
06101X0202/SP1,2021-10-16 00:00:00,5.487059874722073
06101X0202/SP1,2021-10-17 00:00:00,5.411760935277147
06101X0202/SP1,2021-10-18 00:00:00,5.6487263043506415
06101X0202/SP1,2021-10-19 00:00:00,5.696002417173975
06101X0202/SP1,2021-10-20 00:00:00,5.543511023853792
06101X0202/SP1,2021-10-21 00:00:00,5.519297831438404
06101X0202/SP1,2021-10-22 00:00:00,5.588259072193296
06101X0202/SP1,2021-10-23 00:00:00,5.430187492647108
06101X0202/SP1,2021-10-24 00:00:00,5.593079545434908
06101X0202/SP1,2021-10-25 00:00:00,5.683692972998362
06101X0202/SP1,2021-10-26 00:00:00,5.32638688001332
06101X0202/SP1,2021-10-27 00:00:00,5.410804042331828
06101X0202/SP1,2021-10-28 00:00:00,5.580585257548881
06101X0202/SP1,2021-10-29 00:00:00,5.433636041466629
06101X0202/SP1,2021-10-30 00:00:00,5.540609271003024
06101X0202/SP1,2021-10-31 00:00:00,5.47777194505087
06101X0202/SP1,2021-11-01 00:00:00,5.450852846096939
06101X0202/SP1,2021-11-02 00:00:00,5.531658821136439
06101X0202/SP1,2021-11-03 00:00:00,5.707011553862919
06101X0202/SP1,2021-11-04 00:00:00,5.608774323481461
06101X0202/SP1,2021-11-05 00:00:00,5.655365741060018
06101X0202/SP1,2021-11-06 00:00:00,5.361589204387086
06101X0202/SP1,2021-11-07 00:00:00,5.520693361442561
06101X0202/SP1,2021-11-08 00:00:00,5.6754343533971205
06101X0202/SP1,2021-11-09 00:00:00,5.519344509143054
06101X0202/SP1,2021-11-10 00:00:00,5.539088244655795
06101X0202/SP1,2021-11-11 00:00:00,5.671692268497788
06101X0202/SP1,2021-11-12 00:00:00,5.449293077254851
06101X0202/SP1,2021-11-13 00:00:00,5.546721983156646
06101X0202/SP1,2021-11-14 00:00:00,5.385861544122507
06101X0202/SP1,2021-11-15 00:00:00,5.434994629401677
06101X0202/SP1,2021-11-16 00:00:00,5.3956430571791625
06101X0202/SP1,2021-11-17 00:00:00,5.624720761038511
06101X0202/SP1,2021-11-18 00:00:00,5.499364651127221
06101X0202/SP1,2021-11-19 00:00:00,5.304444624611578
06101X0202/SP1,2021-11-20 00:00:00,5.281084834002058
06101X0202/SP1,2021-11-21 00:00:00,5.30501095853385
06101X0202/SP1,2021-11-22 00:00:00,5.385010876296484
06101X0202/SP1,2021-11-23 00:00:00,5.361642750382563
06101X0202/SP1,2021-11-24 00:00:00,5.366896459405759
06101X0202/SP1,2021-11-25 00:00:00,5.513985908649266
06101X0202/SP1,2021-11-26 00:00:00,5.450866716043464
06101X0202/SP1,2021-11-27 00:00:00,5.61776038176845
06101X0202/SP1,2021-11-28 00:00:00,5.490172610797857
06101X0202/SP1,2021-11-29 00:00:00,5.361376687466059
06101X0202/SP1,2021-11-30 00:00:00,5.472512768067986
06101X0202/SP1,2021-12-01 00:00:00,5.446789818636922
06101X0202/SP1,2021-12-02 00:00:00,5.3733573872360685
06101X0202/SP1,2021-12-03 00:00:00,5.369119451748485
06101X0202/SP1,2021-12-04 00:00:00,5.353721543903505
06101X0202/SP1,2021-12-05 00:00:00,5.354557008134299
06101X0202/SP1,2021-12-06 00:00:00,5.495363104872471
06101X0202/SP1,2021-12-07 00:00:00,5.311835572365816
06101X0202/SP1,2021-12-08 00:00:00,5.368995089006811
06101X0202/SP1,2021-12-09 00:00:00,5.037562214320589
06101X0202/SP1,2021-12-10 00:00:00,5.3361512556841255
06101X0202/SP1,2021-12-11 00:00:00,5.232696458159357
06101X0202/SP1,2021-12-12 00:00:00,5.304542181014296
06101X0202/SP1,2021-12-13 00:00:00,5.4424866677277
06101X0202/SP1,2021-12-14 00:00:00,5.229362803175709
06101X0202/SP1,2021-12-15 00:00:00,5.299829266540684
06101X0202/SP1,2021-12-16 00:00:00,5.0895522085128455
06101X0202/SP1,2021-12-17 00:00:00,5.292443586698829
06101X0202/SP1,2021-12-18 00:00:00,5.26221130426886
06101X0202/SP1,2021-12-19 00:00:00,5.1776549757080605
06101X0202/SP1,2021-12-20 00:00:00,5.054969063891258
06101X0202/SP1,2021-12-21 00:00:00,5.215326483975361
06101X0202/SP1,2021-12-22 00:00:00,5.099688338759968
06101X0202/SP1,2021-12-23 00:00:00,5.162483654777937
06101X0202/SP1,2021-12-24 00:00:00,5.1219345993838505
06101X0202/SP1,2021-12-25 00:00:00,5.125448363625011
06101X0202/SP1,2021-12-26 00:00:00,5.107349217011952
06101X0202/SP1,2021-12-27 00:00:00,5.228901560771335
06101X0202/SP1,2021-12-28 00:00:00,5.26510758915994
06101X0202/SP1,2021-12-29 00:00:00,5.088368795335104
06101X0202/SP1,2021-12-30 00:00:00,5.1475183158901885
06101X0202/SP1,2021-12-31 00:00:00,5.030639944062253
06101X0202/SP1,2022-01-01 00:00:00,5.03035867755052
06101X0202/SP1,2022-01-02 00:00:00,4.840954755440641
06101X0202/SP1,2022-01-03 00:00:00,5.609911192319423
06101X0202/SP1,2022-01-04 00:00:00,5.515641700198062
06101X0202/SP1,2022-01-05 00:00:00,5.430966876949888
06101X0202/SP1,2022-01-06 00:00:00,5.321667564025928
06101X0202/SP1,2022-01-07 00:00:00,5.287541494156514
06101X0202/SP1,2022-01-08 00:00:00,5.5561092029738814
06101X0202/SP1,2022-01-09 00:00:00,5.6791286936728405
06101X0202/SP1,2022-01-10 00:00:00,5.294053767461938
06101X0202/SP1,2022-01-11 00:00:00,5.721422695031604
06101X0202/SP1,2022-01-12 00:00:00,5.659932287588337
06101X0202/SP1,2022-01-13 00:00:00,5.466348643756814
06101X0202/SP1,2022-01-14 00:00:00,5.5767721558560455
06101X0202/SP1,2022-01-15 00:00:00,5.54827748432288
07106X0517/PZ1,2021-10-15 00:00:00,7.831188399419254
07106X0517/PZ1,2021-10-16 00:00:00,7.862522736312803
07106X0517/PZ1,2021-10-17 00:00:00,8.078160228768587
07106X0517/PZ1,2021-10-18 00:00:00,7.587280453918856
07106X0517/PZ1,2021-10-19 00:00:00,8.132530210983223
07106X0517/PZ1,2021-10-20 00:00:00,7.72106466613626
07106X0517/PZ1,2021-10-21 00:00:00,7.307985441962545
07106X0517/PZ1,2021-10-22 00:00:00,8.562317138324095
07106X0517/PZ1,2021-10-23 00:00:00,8.136896010943895
07106X0517/PZ1,2021-10-24 00:00:00,7.748513669821887
07106X0517/PZ1,2021-10-25 00:00:00,8.428601959321362
07106X0517/PZ1,2021-10-26 00:00:00,8.253204297504803
07106X0517/PZ1,2021-10-27 00:00:00,8.660221978192988
07106X0517/PZ1,2021-10-28 00:00:00,8.514014392089875
07106X0517/PZ1,2021-10-29 00:00:00,7.633189730726023
07106X0517/PZ1,2021-10-30 00:00:00,8.06394130406906
07106X0517/PZ1,2021-10-31 00:00:00,8.313931361968544
07106X0517/PZ1,2021-11-01 00:00:00,7.42125079805375
07106X0517/PZ1,2021-11-02 00:00:00,8.101344124053554
07106X0517/PZ1,2021-11-03 00:00:00,8.158543235376603
07106X0517/PZ1,2021-11-04 00:00:00,8.308132293198627
07106X0517/PZ1,2021-11-05 00:00:00,8.189865576941125
07106X0517/PZ1,2021-11-06 00:00:00,8.184474253241728
07106X0517/PZ1,2021-11-07 00:00:00,7.764170803714571
07106X0517/PZ1,2021-11-08 00:00:00,7.773679024297317
07106X0517/PZ1,2021-11-09 00:00:00,7.902650956566877
07106X0517/PZ1,2021-11-10 00:00:00,8.144699164709188
07106X0517/PZ1,2021-11-11 00:00:00,8.094043812943234
07106X0517/PZ1,2021-11-12 00:00:00,7.719101968870685
07106X0517/PZ1,2021-11-13 00:00:00,8.04988923747203
07106X0517/PZ1,2021-11-14 00:00:00,8.306770092869213
07106X0517/PZ1,2021-11-15 00:00:00,8.128543917089319
07106X0517/PZ1,2021-11-16 00:00:00,7.935554759234672
07106X0517/PZ1,2021-11-17 00:00:00,7.860798100192546
07106X0517/PZ1,2021-11-18 00:00:00,8.015462989181913
07106X0517/PZ1,2021-11-19 00:00:00,7.861546116607806
07106X0517/PZ1,2021-11-20 00:00:00,7.78650564500516
07106X0517/PZ1,2021-11-21 00:00:00,8.34514201625478
07106X0517/PZ1,2021-11-22 00:00:00,7.511463899906753
07106X0517/PZ1,2021-11-23 00:00:00,8.24769744187038
07106X0517/PZ1,2021-11-24 00:00:00,8.03413029706888
07106X0517/PZ1,2021-11-25 00:00:00,7.96824295355251
07106X0517/PZ1,2021-11-26 00:00:00,8.634779032292226
07106X0517/PZ1,2021-11-27 00:00:00,8.17431551673864
07106X0517/PZ1,2021-11-28 00:00:00,7.905276395761226
07106X0517/PZ1,2021-11-29 00:00:00,8.237673921944824
07106X0517/PZ1,2021-11-30 00:00:00,7.929945251265302
07106X0517/PZ1,2021-12-01 00:00:00,7.9097799497728785
07106X0517/PZ1,2021-12-02 00:00:00,7.657629675367821
07106X0517/PZ1,2021-12-03 00:00:00,7.575206232534955
07106X0517/PZ1,2021-12-04 00:00:00,8.297790935500407
07106X0517/PZ1,2021-12-05 00:00:00,8.321219216391027
07106X0517/PZ1,2021-12-06 00:00:00,7.591958170880813
07106X0517/PZ1,2021-12-07 00:00:00,7.903326693435432
07106X0517/PZ1,2021-12-08 00:00:00,8.00479299022559
07106X0517/PZ1,2021-12-09 00:00:00,8.497933730810756
07106X0517/PZ1,2021-12-10 00:00:00,8.19226944856757
07106X0517/PZ1,2021-12-11 00:00:00,8.285698202094304
07106X0517/PZ1,2021-12-12 00:00:00,8.166464420103804
07106X0517/PZ1,2021-12-13 00:00:00,7.807661791432518
07106X0517/PZ1,2021-12-14 00:00:00,7.914995841785247
07106X0517/PZ1,2021-12-15 00:00:00,8.501034302296627
07106X0517/PZ1,2021-12-16 00:00:00,8.0239684848404
07106X0517/PZ1,2021-12-17 00:00:00,8.325460776269157
07106X0517/PZ1,2021-12-18 00:00:00,7.848443295759788
07106X0517/PZ1,2021-12-19 00:00:00,7.939584574642869
07106X0517/PZ1,2021-12-20 00:00:00,7.979132482408666
07106X0517/PZ1,2021-12-21 00:00:00,8.270279225463355
07106X0517/PZ1,2021-12-22 00:00:00,8.0529689997533
07106X0517/PZ1,2021-12-23 00:00:00,8.36545752848602
07106X0517/PZ1,2021-12-24 00:00:00,7.478490432058835
07106X0517/PZ1,2021-12-25 00:00:00,7.872966977025376
07106X0517/PZ1,2021-12-26 00:00:00,7.574412849170168
07106X0517/PZ1,2021-12-27 00:00:00,7.960540568240362
07106X0517/PZ1,2021-12-28 00:00:00,7.774485633281289
07106X0517/PZ1,2021-12-29 00:00:00,8.038615089155643
07106X0517/PZ1,2021-12-30 00:00:00,7.887463716620909
07106X0517/PZ1,2021-12-31 00:00:00,7.672373318819172
07106X0517/PZ1,2022-01-01 00:00:00,8.097708616640572
07106X0517/PZ1,2022-01-02 00:00:00,7.931413987032971
07106X0517/PZ1,2022-01-03 00:00:00,8.6638415302805
07106X0517/PZ1,2022-01-04 00:00:00,8.099798495151093
07106X0517/PZ1,2022-01-05 00:00:00,8.110017092959618
07106X0517/PZ1,2022-01-06 00:00:00,8.24338477506585
07106X0517/PZ1,2022-01-07 00:00:00,7.820954615216608
07106X0517/PZ1,2022-01-08 00:00:00,8.303699269414864
07106X0517/PZ1,2022-01-09 00:00:00,8.402291493059321
07106X0517/PZ1,2022-01-10 00:00:00,8.11854819403199
07106X0517/PZ1,2022-01-11 00:00:00,8.62763863247026
07106X0517/PZ1,2022-01-12 00:00:00,8.71877153480747
07106X0517/PZ1,2022-01-13 00:00:00,8.647212390270905
07106X0517/PZ1,2022-01-14 00:00:00,8.638075707703834
07106X0517/PZ1,2022-01-15 00:00:00,8.760884491821878
07072X0065/F,2021-10-15 00:00:00,4.731544016133989
07072X0065/F,2021-10-16 00:00:00,4.716669763359039
07072X0065/F,2021-10-17 00:00:00,4.706443655291725
07072X0065/F,2021-10-18 00:00:00,4.678778882589436
07072X0065/F,2021-10-19 00:00:00,4.452309111989496
07072X0065/F,2021-10-20 00:00:00,4.506466127854414
07072X0065/F,2021-10-21 00:00:00,4.809540529343875
07072X0065/F,2021-10-22 00:00:00,4.823203895484808
07072X0065/F,2021-10-23 00:00:00,4.740702528289166
07072X0065/F,2021-10-24 00:00:00,4.713830982669528
07072X0065/F,2021-10-25 00:00:00,4.6300287349152445
07072X0065/F,2021-10-26 00:00:00,4.798927589683565
07072X0065/F,2021-10-27 00:00:00,4.774201492112809
07072X0065/F,2021-10-28 00:00:00,4.783644570037547
07072X0065/F,2021-10-29 00:00:00,4.724447657255563
07072X0065/F,2021-10-30 00:00:00,4.778554874110808
07072X0065/F,2021-10-31 00:00:00,4.741114792947817
07072X0065/F,2021-11-01 00:00:00,4.840693485535629
07072X0065/F,2021-11-02 00:00:00,4.9201709264379385
07072X0065/F,2021-11-03 00:00:00,4.793339962944629
07072X0065/F,2021-11-04 00:00:00,4.922675638770892
07072X0065/F,2021-11-05 00:00:00,4.8799260346241775
07072X0065/F,2021-11-06 00:00:00,4.850528197100726
07072X0065/F,2021-11-07 00:00:00,5.018214208845363
07072X0065/F,2021-11-08 00:00:00,4.994713581904314
07072X0065/F,2021-11-09 00:00:00,5.012574470999876
07072X0065/F,2021-11-10 00:00:00,5.142446968293509
07072X0065/F,2021-11-11 00:00:00,4.945044049656301
07072X0065/F,2021-11-12 00:00:00,4.975430397521764
07072X0065/F,2021-11-13 00:00:00,5.139028325563982
07072X0065/F,2021-11-14 00:00:00,5.101429183992713
07072X0065/F,2021-11-15 00:00:00,5.137000023756901
07072X0065/F,2021-11-16 00:00:00,5.205786328696807
07072X0065/F,2021-11-17 00:00:00,5.16497438030266
07072X0065/F,2021-11-18 00:00:00,5.146157290936836
07072X0065/F,2021-11-19 00:00:00,5.200894050272701
07072X0065/F,2021-11-20 00:00:00,5.136236616795518
07072X0065/F,2021-11-21 00:00:00,5.253038474732399
07072X0065/F,2021-11-22 00:00:00,5.178227438174607
07072X0065/F,2021-11-23 00:00:00,5.147713154281911
07072X0065/F,2021-11-24 00:00:00,5.2489569123288655
07072X0065/F,2021-11-25 00:00:00,5.138322009610118
07072X0065/F,2021-11-26 00:00:00,5.030569402429809
07072X0065/F,2021-11-27 00:00:00,5.27593238373893
07072X0065/F,2021-11-28 00:00:00,5.096858879879959
07072X0065/F,2021-11-29 00:00:00,5.239225711562447
07072X0065/F,2021-11-30 00:00:00,5.245970335292788
07072X0065/F,2021-12-01 00:00:00,5.328172908430391
07072X0065/F,2021-12-02 00:00:00,5.181089102694754
07072X0065/F,2021-12-03 00:00:00,5.209458709237525
07072X0065/F,2021-12-04 00:00:00,5.3602439745784585
07072X0065/F,2021-12-05 00:00:00,5.2993116255939
07072X0065/F,2021-12-06 00:00:00,5.401277024647101
07072X0065/F,2021-12-07 00:00:00,5.2139575162006775
07072X0065/F,2021-12-08 00:00:00,5.412044133741524
07072X0065/F,2021-12-09 00:00:00,5.261349573739638
07072X0065/F,2021-12-10 00:00:00,5.319954589720936
07072X0065/F,2021-12-11 00:00:00,5.332609911265467
07072X0065/F,2021-12-12 00:00:00,5.497073274954362
07072X0065/F,2021-12-13 00:00:00,5.482215295784358
07072X0065/F,2021-12-14 00:00:00,5.371368450851822
07072X0065/F,2021-12-15 00:00:00,5.344631836834584
07072X0065/F,2021-12-16 00:00:00,5.588599823385234
07072X0065/F,2021-12-17 00:00:00,5.4624735158788
07072X0065/F,2021-12-18 00:00:00,5.521315255009652
07072X0065/F,2021-12-19 00:00:00,5.486673048206798
07072X0065/F,2021-12-20 00:00:00,5.483215396253026
07072X0065/F,2021-12-21 00:00:00,5.715936698871308
07072X0065/F,2021-12-22 00:00:00,5.568126175891087
07072X0065/F,2021-12-23 00:00:00,5.563694419737388
07072X0065/F,2021-12-24 00:00:00,5.573557484131503
07072X0065/F,2021-12-25 00:00:00,5.421285258896678
07072X0065/F,2021-12-26 00:00:00,5.597475148136297
07072X0065/F,2021-12-27 00:00:00,5.54778664483698
07072X0065/F,2021-12-28 00:00:00,5.4589680509472895
07072X0065/F,2021-12-29 00:00:00,4.284995703549377
07072X0065/F,2021-12-30 00:00:00,4.334123849420801
07072X0065/F,2021-12-31 00:00:00,4.413821354518237
07072X0065/F,2022-01-01 00:00:00,4.467792454080376
07072X0065/F,2022-01-02 00:00:00,4.3942492765950485
07072X0065/F,2022-01-03 00:00:00,4.471513270086456
07072X0065/F,2022-01-04 00:00:00,4.357875131377204
07072X0065/F,2022-01-05 00:00:00,4.605687097556073
07072X0065/F,2022-01-06 00:00:00,4.373276660809337
07072X0065/F,2022-01-07 00:00:00,4.574010421779256
07072X0065/F,2022-01-08 00:00:00,4.51193287342582
07072X0065/F,2022-01-09 00:00:00,4.51443041233
07072X0065/F,2022-01-10 00:00:00,4.540371190745034
07072X0065/F,2022-01-11 00:00:00,4.628461607508458
07072X0065/F,2022-01-12 00:00:00,4.513095324594477
07072X0065/F,2022-01-13 00:00:00,4.5876849926973655
07072X0065/F,2022-01-14 00:00:00,4.261679095805978
07072X0065/F,2022-01-15 00:00:00,4.502365179407829
08022X0010/SP3,2021-10-15 00:00:00,4.138753458639997
08022X0010/SP3,2021-10-16 00:00:00,4.129599856722413
08022X0010/SP3,2021-10-17 00:00:00,4.201588933127693
08022X0010/SP3,2021-10-18 00:00:00,4.168090563626824
08022X0010/SP3,2021-10-19 00:00:00,4.1343871305654645
08022X0010/SP3,2021-10-20 00:00:00,4.103113699580586
08022X0010/SP3,2021-10-21 00:00:00,4.17001865853015
08022X0010/SP3,2021-10-22 00:00:00,4.163393820672519
08022X0010/SP3,2021-10-23 00:00:00,4.123733551049535
08022X0010/SP3,2021-10-24 00:00:00,4.150793051898017
08022X0010/SP3,2021-10-25 00:00:00,4.134614355623545
08022X0010/SP3,2021-10-26 00:00:00,4.191832197186361
08022X0010/SP3,2021-10-27 00:00:00,4.126925698962115
08022X0010/SP3,2021-10-28 00:00:00,4.13778072838719
08022X0010/SP3,2021-10-29 00:00:00,4.1751372618190565
08022X0010/SP3,2021-10-30 00:00:00,4.08608169084631
08022X0010/SP3,2021-10-31 00:00:00,4.090027547165231
08022X0010/SP3,2021-11-01 00:00:00,4.061540001571303
08022X0010/SP3,2021-11-02 00:00:00,4.16709036293186
08022X0010/SP3,2021-11-03 00:00:00,4.077157131965722
08022X0010/SP3,2021-11-04 00:00:00,4.070969607263481
08022X0010/SP3,2021-11-05 00:00:00,4.073199865877282
08022X0010/SP3,2021-11-06 00:00:00,4.070835483917094
08022X0010/SP3,2021-11-07 00:00:00,4.0706395381343
08022X0010/SP3,2021-11-08 00:00:00,4.0329448048577285
08022X0010/SP3,2021-11-09 00:00:00,4.027452342011904
08022X0010/SP3,2021-11-10 00:00:00,4.009648306363637
08022X0010/SP3,2021-11-11 00:00:00,4.07380784040931
08022X0010/SP3,2021-11-12 00:00:00,4.014726556166926
08022X0010/SP3,2021-11-13 00:00:00,4.025143980012471
08022X0010/SP3,2021-11-14 00:00:00,3.995758715314223
08022X0010/SP3,2021-11-15 00:00:00,3.9518543683339127
08022X0010/SP3,2021-11-16 00:00:00,3.927946958519
08022X0010/SP3,2021-11-17 00:00:00,3.955591603207224
08022X0010/SP3,2021-11-18 00:00:00,4.035765658459712
08022X0010/SP3,2021-11-19 00:00:00,3.99010431711173
08022X0010/SP3,2021-11-20 00:00:00,3.964553620260765
08022X0010/SP3,2021-11-21 00:00:00,3.8730397681591286
08022X0010/SP3,2021-11-22 00:00:00,3.8500910522383327
08022X0010/SP3,2021-11-23 00:00:00,3.871506810415654
08022X0010/SP3,2021-11-24 00:00:00,3.8892979201501743
08022X0010/SP3,2021-11-25 00:00:00,3.8719117735842494
08022X0010/SP3,2021-11-26 00:00:00,3.8264819638410303
08022X0010/SP3,2021-11-27 00:00:00,3.8993331860760656
08022X0010/SP3,2021-11-28 00:00:00,3.817075328256698
08022X0010/SP3,2021-11-29 00:00:00,3.8898886071526273
08022X0010/SP3,2021-11-30 00:00:00,3.809807539291072
08022X0010/SP3,2021-12-01 00:00:00,3.821705419419559
08022X0010/SP3,2021-12-02 00:00:00,3.8435291186818623
08022X0010/SP3,2021-12-03 00:00:00,3.741872210119125
08022X0010/SP3,2021-12-04 00:00:00,3.808434329474113
08022X0010/SP3,2021-12-05 00:00:00,3.842359634036006
08022X0010/SP3,2021-12-06 00:00:00,3.7990634400396415
08022X0010/SP3,2021-12-07 00:00:00,3.834256299729682
08022X0010/SP3,2021-12-08 00:00:00,3.774683316670066
08022X0010/SP3,2021-12-09 00:00:00,3.775736227600365
08022X0010/SP3,2021-12-10 00:00:00,3.785935736210461
08022X0010/SP3,2021-12-11 00:00:00,3.726731814024151
08022X0010/SP3,2021-12-12 00:00:00,3.776191949186442
08022X0010/SP3,2021-12-13 00:00:00,3.7443725668643513
08022X0010/SP3,2021-12-14 00:00:00,3.7455684400876095
08022X0010/SP3,2021-12-15 00:00:00,3.752433641525799
08022X0010/SP3,2021-12-16 00:00:00,3.724238394597245
08022X0010/SP3,2021-12-17 00:00:00,3.732115083814224
08022X0010/SP3,2021-12-18 00:00:00,3.682365343495199
08022X0010/SP3,2021-12-19 00:00:00,3.6712716569360335
08022X0010/SP3,2021-12-20 00:00:00,3.679772147139534
08022X0010/SP3,2021-12-21 00:00:00,3.692066926640565
08022X0010/SP3,2021-12-22 00:00:00,3.783812002238574
08022X0010/SP3,2021-12-23 00:00:00,3.717366166614777
08022X0010/SP3,2021-12-24 00:00:00,3.658188343021503
08022X0010/SP3,2021-12-25 00:00:00,3.70562304891234
08022X0010/SP3,2021-12-26 00:00:00,3.658276520575578
08022X0010/SP3,2021-12-27 00:00:00,3.6375252169623913
08022X0010/SP3,2021-12-28 00:00:00,3.632916116206408
08022X0010/SP3,2021-12-29 00:00:00,3.650829722029519
08022X0010/SP3,2021-12-30 00:00:00,3.646180536511411
08022X0010/SP3,2021-12-31 00:00:00,3.70376975882247
08022X0010/SP3,2022-01-01 00:00:00,3.671277367397416
08022X0010/SP3,2022-01-02 00:00:00,3.661709489351754
08022X0010/SP3,2022-01-03 00:00:00,3.6288876979922113
08022X0010/SP3,2022-01-04 00:00:00,3.655640696517956
08022X0010/SP3,2022-01-05 00:00:00,3.604092428541457
08022X0010/SP3,2022-01-06 00:00:00,3.615761354858906
08022X0010/SP3,2022-01-07 00:00:00,3.624102286741055
08022X0010/SP3,2022-01-08 00:00:00,3.6229517179985264
08022X0010/SP3,2022-01-09 00:00:00,3.618682255855836
08022X0010/SP3,2022-01-10 00:00:00,3.6021642555654165
08022X0010/SP3,2022-01-11 00:00:00,3.5890774395319904
08022X0010/SP3,2022-01-12 00:00:00,3.54298272909484
08022X0010/SP3,2022-01-13 00:00:00,3.665322984549668
08022X0010/SP3,2022-01-14 00:00:00,3.623866685596065
08022X0010/SP3,2022-01-15 00:00:00,3.597031130751668
07662X0279/P45B02,2021-10-15 00:00:00,2.528309798809266
07662X0279/P45B02,2021-10-16 00:00:00,2.32072205691757
07662X0279/P45B02,2021-10-17 00:00:00,2.293449823752231
07662X0279/P45B02,2021-10-18 00:00:00,2.38638184589812
07662X0279/P45B02,2021-10-19 00:00:00,2.3110838530358406
07662X0279/P45B02,2021-10-20 00:00:00,2.35436537983258
07662X0279/P45B02,2021-10-21 00:00:00,2.339732171421592
07662X0279/P45B02,2021-10-22 00:00:00,2.3470930948159143
07662X0279/P45B02,2021-10-23 00:00:00,2.3146265106919084
07662X0279/P45B02,2021-10-24 00:00:00,2.351723068964603
07662X0279/P45B02,2021-10-25 00:00:00,2.342355299288265
07662X0279/P45B02,2021-10-26 00:00:00,2.3359449212763104
07662X0279/P45B02,2021-10-27 00:00:00,2.387992185076756
07662X0279/P45B02,2021-10-28 00:00:00,2.3189523420439726
07662X0279/P45B02,2021-10-29 00:00:00,2.311748359579063
07662X0279/P45B02,2021-10-30 00:00:00,2.326412546692636
07662X0279/P45B02,2021-10-31 00:00:00,2.3422291618321
07662X0279/P45B02,2021-11-01 00:00:00,2.312763251019167
07662X0279/P45B02,2021-11-02 00:00:00,2.336935898522963
07662X0279/P45B02,2021-11-03 00:00:00,2.3446763686651866
07662X0279/P45B02,2021-11-04 00:00:00,2.392667128607345
07662X0279/P45B02,2021-11-05 00:00:00,2.334697186935291
07662X0279/P45B02,2021-11-06 00:00:00,2.3877638704708595
07662X0279/P45B02,2021-11-07 00:00:00,2.3085634833424944
07662X0279/P45B02,2021-11-08 00:00:00,2.350193067826522
07662X0279/P45B02,2021-11-09 00:00:00,2.3257334223335167
07662X0279/P45B02,2021-11-10 00:00:00,2.3376010967609444
07662X0279/P45B02,2021-11-11 00:00:00,2.3450409471385134
07662X0279/P45B02,2021-11-12 00:00:00,2.340107457329781
07662X0279/P45B02,2021-11-13 00:00:00,2.402099018387799
07662X0279/P45B02,2021-11-14 00:00:00,2.364678926808749
07662X0279/P45B02,2021-11-15 00:00:00,2.376568772358837
07662X0279/P45B02,2021-11-16 00:00:00,2.409282558966945
07662X0279/P45B02,2021-11-17 00:00:00,2.391054207101612
07662X0279/P45B02,2021-11-18 00:00:00,2.3818949972288666
07662X0279/P45B02,2021-11-19 00:00:00,2.350961291693137
07662X0279/P45B02,2021-11-20 00:00:00,2.3650027598495
07662X0279/P45B02,2021-11-21 00:00:00,2.428802945916932
07662X0279/P45B02,2021-11-22 00:00:00,2.3795181126962306
07662X0279/P45B02,2021-11-23 00:00:00,2.380332172868844
07662X0279/P45B02,2021-11-24 00:00:00,2.3874990528269064
07662X0279/P45B02,2021-11-25 00:00:00,2.373379284823878
07662X0279/P45B02,2021-11-26 00:00:00,2.3904999567028997
07662X0279/P45B02,2021-11-27 00:00:00,2.391172588353885
07662X0279/P45B02,2021-11-28 00:00:00,2.392537956916839
07662X0279/P45B02,2021-11-29 00:00:00,2.427898780973773
07662X0279/P45B02,2021-11-30 00:00:00,2.4050262982736936
07662X0279/P45B02,2021-12-01 00:00:00,2.3776629043504784
07662X0279/P45B02,2021-12-02 00:00:00,2.437125613231762
07662X0279/P45B02,2021-12-03 00:00:00,2.467290202038225
07662X0279/P45B02,2021-12-04 00:00:00,2.410877076780803
07662X0279/P45B02,2021-12-05 00:00:00,2.4716076445738997
07662X0279/P45B02,2021-12-06 00:00:00,2.4732663961891994
07662X0279/P45B02,2021-12-07 00:00:00,2.3933014588139025
07662X0279/P45B02,2021-12-08 00:00:00,2.4489075267317286
07662X0279/P45B02,2021-12-09 00:00:00,2.426898166113485
07662X0279/P45B02,2021-12-10 00:00:00,2.44699161064267
07662X0279/P45B02,2021-12-11 00:00:00,2.4550748893185195
07662X0279/P45B02,2021-12-12 00:00:00,2.4059102472847096
07662X0279/P45B02,2021-12-13 00:00:00,2.46771427490697
07662X0279/P45B02,2021-12-14 00:00:00,2.495293006089587
07662X0279/P45B02,2021-12-15 00:00:00,2.4594632717804226
07662X0279/P45B02,2021-12-16 00:00:00,2.440652541749021
07662X0279/P45B02,2021-12-17 00:00:00,2.417553891002446
07662X0279/P45B02,2021-12-18 00:00:00,2.4441330414084383
07662X0279/P45B02,2021-12-19 00:00:00,2.494384296711865
07662X0279/P45B02,2021-12-20 00:00:00,2.4597295327607718
07662X0279/P45B02,2021-12-21 00:00:00,2.4788061583271244
07662X0279/P45B02,2021-12-22 00:00:00,2.442890533974144
07662X0279/P45B02,2021-12-23 00:00:00,2.4647457671314053
07662X0279/P45B02,2021-12-24 00:00:00,2.4733431185395065
07662X0279/P45B02,2021-12-25 00:00:00,2.501133750411399
07662X0279/P45B02,2021-12-26 00:00:00,2.515524005649751
07662X0279/P45B02,2021-12-27 00:00:00,2.5011074175919417
07662X0279/P45B02,2021-12-28 00:00:00,2.475969138843095
07662X0279/P45B02,2021-12-29 00:00:00,2.476390858220424
07662X0279/P45B02,2021-12-30 00:00:00,2.454262375083691
07662X0279/P45B02,2021-12-31 00:00:00,2.5031381849843566
07662X0279/P45B02,2022-01-01 00:00:00,2.483860539087279
07662X0279/P45B02,2022-01-02 00:00:00,2.4661927320429617
07662X0279/P45B02,2022-01-03 00:00:00,2.5270975714658515
07662X0279/P45B02,2022-01-04 00:00:00,2.478291784131241
07662X0279/P45B02,2022-01-05 00:00:00,2.5028360089064954
07662X0279/P45B02,2022-01-06 00:00:00,2.500584544773125
07662X0279/P45B02,2022-01-07 00:00:00,2.4770924741874416
07662X0279/P45B02,2022-01-08 00:00:00,2.494323646609788
07662X0279/P45B02,2022-01-09 00:00:00,2.4991261570990444
07662X0279/P45B02,2022-01-10 00:00:00,2.5402627776456144
07662X0279/P45B02,2022-01-11 00:00:00,2.5272731374294617
07662X0279/P45B02,2022-01-12 00:00:00,2.5426019048670314
07662X0279/P45B02,2022-01-13 00:00:00,2.56226293641792
07662X0279/P45B02,2022-01-14 00:00:00,2.5417374893159965
07662X0279/P45B02,2022-01-15 00:00:00,2.5609141500839776
09388X0052/VIGNOT,2021-10-15 00:00:00,5.732204443649395
09388X0052/VIGNOT,2021-10-16 00:00:00,5.791032641216318
09388X0052/VIGNOT,2021-10-17 00:00:00,5.548633281084915
09388X0052/VIGNOT,2021-10-18 00:00:00,5.678945553378527
09388X0052/VIGNOT,2021-10-19 00:00:00,5.721328276638369
09388X0052/VIGNOT,2021-10-20 00:00:00,5.7324298867339785
09388X0052/VIGNOT,2021-10-21 00:00:00,5.771935452395419
09388X0052/VIGNOT,2021-10-22 00:00:00,5.663850401848234
09388X0052/VIGNOT,2021-10-23 00:00:00,5.629453837505258
09388X0052/VIGNOT,2021-10-24 00:00:00,5.670277304092317
09388X0052/VIGNOT,2021-10-25 00:00:00,5.627843471809994
09388X0052/VIGNOT,2021-10-26 00:00:00,5.435268482266871
09388X0052/VIGNOT,2021-10-27 00:00:00,5.848309737283749
09388X0052/VIGNOT,2021-10-28 00:00:00,5.614450259344772
09388X0052/VIGNOT,2021-10-29 00:00:00,6.052897869751867
09388X0052/VIGNOT,2021-10-30 00:00:00,5.6125477708881055
09388X0052/VIGNOT,2021-10-31 00:00:00,5.8087767340773135
09388X0052/VIGNOT,2021-11-01 00:00:00,5.536817760597253
09388X0052/VIGNOT,2021-11-02 00:00:00,5.840776403908372
09388X0052/VIGNOT,2021-11-03 00:00:00,5.415135278895514
09388X0052/VIGNOT,2021-11-04 00:00:00,5.332036587011521
09388X0052/VIGNOT,2021-11-05 00:00:00,5.648219707829396
09388X0052/VIGNOT,2021-11-06 00:00:00,5.660237564635442
09388X0052/VIGNOT,2021-11-07 00:00:00,5.442575199389856
09388X0052/VIGNOT,2021-11-08 00:00:00,5.969047905063718
09388X0052/VIGNOT,2021-11-09 00:00:00,5.622804804884338
09388X0052/VIGNOT,2021-11-10 00:00:00,5.548686666185507
09388X0052/VIGNOT,2021-11-11 00:00:00,5.75935331380353
09388X0052/VIGNOT,2021-11-12 00:00:00,5.8606510596531045
09388X0052/VIGNOT,2021-11-13 00:00:00,5.611863054478729
09388X0052/VIGNOT,2021-11-14 00:00:00,5.451098426576226
09388X0052/VIGNOT,2021-11-15 00:00:00,5.8881367721348035
09388X0052/VIGNOT,2021-11-16 00:00:00,5.396902877800649
09388X0052/VIGNOT,2021-11-17 00:00:00,5.4650255536768055
09388X0052/VIGNOT,2021-11-18 00:00:00,5.537273220132456
09388X0052/VIGNOT,2021-11-19 00:00:00,5.77320752156528
09388X0052/VIGNOT,2021-11-20 00:00:00,5.506729349480745
09388X0052/VIGNOT,2021-11-21 00:00:00,5.4413967185220855
09388X0052/VIGNOT,2021-11-22 00:00:00,5.90992754364138
09388X0052/VIGNOT,2021-11-23 00:00:00,5.329999808620649
09388X0052/VIGNOT,2021-11-24 00:00:00,5.833012721353424
09388X0052/VIGNOT,2021-11-25 00:00:00,5.833586680116679
09388X0052/VIGNOT,2021-11-26 00:00:00,5.317740281897075
09388X0052/VIGNOT,2021-11-27 00:00:00,5.66664116789939
09388X0052/VIGNOT,2021-11-28 00:00:00,5.5780950376565155
09388X0052/VIGNOT,2021-11-29 00:00:00,5.5394136084623
09388X0052/VIGNOT,2021-11-30 00:00:00,5.496298405618679
09388X0052/VIGNOT,2021-12-01 00:00:00,5.732152561794336
09388X0052/VIGNOT,2021-12-02 00:00:00,5.422819657957766
09388X0052/VIGNOT,2021-12-03 00:00:00,5.473068887622815
09388X0052/VIGNOT,2021-12-04 00:00:00,5.579529361899689
09388X0052/VIGNOT,2021-12-05 00:00:00,5.6645791074108205
09388X0052/VIGNOT,2021-12-06 00:00:00,5.485849009218866
09388X0052/VIGNOT,2021-12-07 00:00:00,5.9101994640554185
09388X0052/VIGNOT,2021-12-08 00:00:00,5.499641878199959
09388X0052/VIGNOT,2021-12-09 00:00:00,5.66928597331646
09388X0052/VIGNOT,2021-12-10 00:00:00,5.430916037647351
09388X0052/VIGNOT,2021-12-11 00:00:00,5.327146197892078
09388X0052/VIGNOT,2021-12-12 00:00:00,5.545609016196884
09388X0052/VIGNOT,2021-12-13 00:00:00,5.51474869512768
09388X0052/VIGNOT,2021-12-14 00:00:00,5.846479213724305
09388X0052/VIGNOT,2021-12-15 00:00:00,5.5073701191565405
09388X0052/VIGNOT,2021-12-16 00:00:00,5.390700216309846
09388X0052/VIGNOT,2021-12-17 00:00:00,5.609053825284916
09388X0052/VIGNOT,2021-12-18 00:00:00,5.612089554077147
09388X0052/VIGNOT,2021-12-19 00:00:00,5.605968730651752
09388X0052/VIGNOT,2021-12-20 00:00:00,5.527727043640747
09388X0052/VIGNOT,2021-12-21 00:00:00,5.630935555076707
09388X0052/VIGNOT,2021-12-22 00:00:00,6.145800628249975
09388X0052/VIGNOT,2021-12-23 00:00:00,5.525267956653179
09388X0052/VIGNOT,2021-12-24 00:00:00,5.606075246335174
09388X0052/VIGNOT,2021-12-25 00:00:00,5.802017124093686
09388X0052/VIGNOT,2021-12-26 00:00:00,5.279985329171472
09388X0052/VIGNOT,2021-12-27 00:00:00,5.488095701133995
09388X0052/VIGNOT,2021-12-28 00:00:00,5.4484017684675905
09388X0052/VIGNOT,2021-12-29 00:00:00,5.723272198465717
09388X0052/VIGNOT,2021-12-30 00:00:00,5.5506247341043276
09388X0052/VIGNOT,2021-12-31 00:00:00,5.706151818613619
09388X0052/VIGNOT,2022-01-01 00:00:00,5.5788400535656875
09388X0052/VIGNOT,2022-01-02 00:00:00,5.4503929033398
09388X0052/VIGNOT,2022-01-03 00:00:00,5.677139277938371
09388X0052/VIGNOT,2022-01-04 00:00:00,5.5550050272089795
09388X0052/VIGNOT,2022-01-05 00:00:00,5.645372841821519
09388X0052/VIGNOT,2022-01-06 00:00:00,5.9946254130440115
09388X0052/VIGNOT,2022-01-07 00:00:00,5.746587078007258
09388X0052/VIGNOT,2022-01-08 00:00:00,5.461763378310691
09388X0052/VIGNOT,2022-01-09 00:00:00,5.489386148607258
09388X0052/VIGNOT,2022-01-10 00:00:00,5.720634039673954
09388X0052/VIGNOT,2022-01-11 00:00:00,5.300822740770818
09388X0052/VIGNOT,2022-01-12 00:00:00,5.4641174555115954
09388X0052/VIGNOT,2022-01-13 00:00:00,5.756417302949492
09388X0052/VIGNOT,2022-01-14 00:00:00,5.617699083133286
09388X0052/VIGNOT,2022-01-15 00:00:00,5.694025388772242
